alabama,2,Incumbent,R,False,1976688.0,0.643,0.002,0.318,0.03,38.0,42395,56.7,0.044000000000000004,2.36,2126.15,0.41,54.6
alabama,2,Challenger,D,True,981000.0,0.643,0.002,0.318,0.03,38.0,42395,56.7,0.044000000000000004,2.36,2126.15,0.41,45.4
alabama,3,Incumbent,R,False,1976688.0,0.7,0.002,0.253,0.03,38.5,42171,56.6,0.04,2.36,2126.15,0.41,67.1
alabama,3,Challenger,D,True,981000.0,0.7,0.002,0.253,0.03,38.5,42171,56.6,0.04,2.36,2126.15,0.41,32.9
alabama,5,Incumbent,R,False,1976688.0,0.768,0.002,0.175,0.051,39.8,51531,59.2,0.042,2.36,2126.15,0.41,66.8
alabama,5,Challenger,D,True,981000.0,0.768,0.002,0.175,0.051,39.8,51531,59.2,0.042,2.36,2126.15,0.41,33.2
alabama,6,Incumbent,R,False,1976688.0,0.79,0.002,0.155,0.042,38.5,61524,62.9,0.032,2.36,2126.15,0.41,74.8
alabama,6,Challenger,D,True,981000.0,0.79,0.002,0.155,0.042,38.5,61524,62.9,0.032,2.36,2126.15,0.41,25.2
alaska,0,Incumbent,R,False,109999703.0,0.652,0.003,0.035,0.07,33.3,73355,70.5,0.053,2.36,2126.15,0.47,50.5
alaska,0,Challenger,D,True,108903059.0,0.652,0.003,0.035,0.07,33.3,73355,70.5,0.053,2.36,2126.15,0.47,36.5
arizona,1,Challenger,D,True,,0.635,0.003,0.025,0.22899999999999998,36.6,48892,51.6,0.055,2.36,2126.15,0.5,50.8
arizona,1,Challenger,R,False,,0.635,0.003,0.025,0.22899999999999998,36.6,48892,51.6,0.055,2.36,2126.15,0.5,43.5
arizona,2,Incumbent,R,False,,0.8220000000000001,0.003,0.042,0.278,41.7,48095,55.6,0.039,2.36,2126.15,0.5,56.7
arizona,2,Challenger,D,True,,0.8220000000000001,0.003,0.042,0.278,41.7,48095,55.6,0.039,2.36,2126.15,0.5,43.3
arizona,4,Incumbent,R,False,,0.892,0.002,0.016,0.18100000000000002,47.9,46467,46.2,0.036000000000000004,2.36,2126.15,0.5,71.5
arizona,4,Challenger,D,True,,0.892,0.002,0.016,0.18100000000000002,47.9,46467,46.2,0.036000000000000004,2.36,2126.15,0.5,28.5
arizona,5,Challenger,R,False,,0.846,0.006,0.033,0.172,38.6,69784,63.9,0.027000000000000003,2.36,2126.15,0.5,63.1
arizona,5,Challenger,D,True,,0.846,0.006,0.033,0.172,38.6,69784,63.9,0.027000000000000003,2.36,2126.15,0.5,36.9
arizona,6,Incumbent,R,False,,0.8390000000000001,0.006999999999999999,0.032,0.182,42.2,63495,62.5,0.032,2.36,2126.15,0.5,61.6
arizona,6,Challenger,D,True,,0.8390000000000001,0.006999999999999999,0.032,0.182,42.2,63495,62.5,0.032,2.36,2126.15,0.5,38.4
arizona,7,Incumbent,D,True,,0.615,0.005,0.102,0.628,29.9,35243,61.5,0.047,2.36,2126.15,0.5,74.6
arizona,7,Challenger,R,False,,0.615,0.005,0.102,0.628,29.9,35243,61.5,0.047,2.36,2126.15,0.5,25.4
arizona,8,Incumbent,R,False,,0.852,0.006,0.048,0.19699999999999998,41.7,60858,57.8,0.033,2.36,2126.15,0.5,68.6
arizona,9,Incumbent,D,True,,0.772,0.005,0.049,0.293,33.3,51435,69.5,0.037000000000000005,2.36,2126.15,0.5,61.1
arizona,9,Challenger,R,False,,0.772,0.005,0.049,0.293,33.3,51435,69.5,0.037000000000000005,2.36,2126.15,0.5,38.9
arkansas,1,Incumbent,R,False,93128213.0,0.778,0.001,0.182,0.031,40.0,36882,53.2,0.035,2.36,2126.15,0.38,76.5
arkansas,2,Incumbent,R,False,93128213.0,0.7240000000000001,0.001,0.226,0.05,36.5,47118,61.2,0.033,2.36,2126.15,0.38,58.4
arkansas,2,Challenger,D,True,3498520.0,0.7240000000000001,0.001,0.226,0.05,36.5,47118,61.2,0.033,2.36,2126.15,0.38,36.8
arkansas,3,Incumbent,R,False,93128213.0,0.845,0.002,0.033,0.13699999999999998,35.1,46740,60.7,0.027000000000000003,2.36,2126.15,0.38,77.3
arkansas,4,Incumbent,R,False,93128213.0,0.7490000000000001,0.002,0.19699999999999998,0.055999999999999994,41.2,37728,54.8,0.040999999999999995,2.36,2126.15,0.38,74.9
california,1,Incumbent,R,False,6752700.0,0.862,0.003,0.013999999999999999,0.131,42.4,46091,52.5,0.040999999999999995,2.36,2126.15,0.61,59.5
california,1,Challenger,D,True,,0.862,0.003,0.013999999999999999,0.131,42.4,46091,52.5,0.040999999999999995,2.36,2126.15,0.61,40.5
california,2,Incumbent,D,True,,0.7959999999999999,0.003,0.016,0.177,43.5,65414,60.8,0.036000000000000004,2.36,2126.15,0.61,77.1
california,2,Challenger,R,False,6752700.0,0.7959999999999999,0.003,0.016,0.177,43.5,65414,60.8,0.036000000000000004,2.36,2126.15,0.61,22.9
california,3,Incumbent,D,True,,0.657,0.006,0.063,0.3,34.7,57401,59.8,0.053,2.36,2126.15,0.61,58.2
california,3,Challenger,R,False,6752700.0,0.657,0.006,0.063,0.3,34.7,57401,59.8,0.053,2.36,2126.15,0.61,41.8
california,4,Incumbent,R,False,6752700.0,0.851,0.003,0.016,0.132,44.9,70582,55.5,0.042,2.36,2126.15,0.61,62.8
california,4,Challenger,D,True,,0.851,0.003,0.016,0.132,44.9,70582,55.5,0.042,2.36,2126.15,0.61,37.2
california,5,Incumbent,D,True,,0.643,0.008,0.057999999999999996,0.27899999999999997,39.8,67197,63.4,0.038,2.36,2126.15,0.61,77.2
california,5,Challenger,R,False,6752700.0,0.643,0.008,0.057999999999999996,0.27899999999999997,39.8,67197,63.4,0.038,2.36,2126.15,0.61,22.8
california,6,Incumbent,D,True,,0.54,0.01,0.121,0.295,33.9,49523,61.9,0.051,2.36,2126.15,0.61,75.2
california,6,Challenger,R,False,6752700.0,0.54,0.01,0.121,0.295,33.9,49523,61.9,0.051,2.36,2126.15,0.61,24.8
california,7,Incumbent,D,True,,0.645,0.01,0.076,0.159,38.5,70131,62.8,0.052000000000000005,2.36,2126.15,0.61,51.2
california,7,Challenger,R,False,6752700.0,0.645,0.01,0.076,0.159,38.5,70131,62.8,0.052000000000000005,2.36,2126.15,0.61,48.8
california,8,Incumbent,R,False,6752700.0,0.7809999999999999,0.005,0.08,0.392,34.1,46468,56.4,0.066,2.36,2126.15,0.61,62.7
california,8,Challenger,D,True,,0.7809999999999999,0.005,0.08,0.392,34.1,46468,56.4,0.066,2.36,2126.15,0.61,37.3
california,9,Incumbent,D,True,,0.56,0.008,0.08900000000000001,0.376,34.4,57509,59.7,0.06,2.36,2126.15,0.61,57.6
california,9,Challenger,R,False,6752700.0,0.56,0.008,0.08900000000000001,0.376,34.4,57509,59.7,0.06,2.36,2126.15,0.61,42.4
california,10,Incumbent,R,False,6752700.0,0.733,0.006,0.032,0.42700000000000005,34.7,56368,60.6,0.066,2.36,2126.15,0.61,52.4
california,10,Challenger,D,True,,0.733,0.006,0.032,0.42700000000000005,34.7,56368,60.6,0.066,2.36,2126.15,0.61,47.6
california,11,Incumbent,D,True,,0.588,0.009000000000000001,0.085,0.272,39.8,79622,64.2,0.044000000000000004,2.36,2126.15,0.61,71.8
california,11,Challenger,R,False,6752700.0,0.588,0.009000000000000001,0.085,0.272,39.8,79622,64.2,0.044000000000000004,2.36,2126.15,0.61,28.2
california,12,Incumbent,D,True,,0.49700000000000005,0.008,0.053,0.149,38.3,93122,70.9,0.034,2.36,2126.15,0.61,81.0
california,13,Incumbent,D,True,,0.43700000000000006,0.01,0.174,0.22399999999999998,36.8,66046,67.2,0.042,2.36,2126.15,0.61,90.7
california,13,Challenger,R,False,6752700.0,0.43700000000000006,0.01,0.174,0.22399999999999998,36.8,66046,67.2,0.042,2.36,2126.15,0.61,9.3
california,14,Incumbent,D,True,,0.44799999999999995,0.009000000000000001,0.028999999999999998,0.243,39.5,98129,68.0,0.038,2.36,2126.15,0.61,80.9
california,14,Challenger,R,False,6752700.0,0.44799999999999995,0.009000000000000001,0.028999999999999998,0.243,39.5,98129,68.0,0.038,2.36,2126.15,0.61,19.1
california,15,Incumbent,D,True,,0.45799999999999996,0.012,0.06,0.222,37.9,100634,66.6,0.028999999999999998,2.36,2126.15,0.61,73.8
california,15,Challenger,R,False,6752700.0,0.45799999999999996,0.012,0.06,0.222,37.9,100634,66.6,0.028999999999999998,2.36,2126.15,0.61,26.2
california,16,Incumbent,D,True,,0.603,0.008,0.052000000000000005,0.604,30.0,39211,57.2,0.066,2.36,2126.15,0.61,57.8
california,16,Challenger,R,False,6752700.0,0.603,0.008,0.052000000000000005,0.604,30.0,39211,57.2,0.066,2.36,2126.15,0.61,42.2
california,17,Challenger,D,True,,0.31,0.013000000000000001,0.025,0.162,36.8,111024,66.4,0.034,2.36,2126.15,0.61,61.1
california,17,Incumbent,D,True,,0.31,0.013000000000000001,0.025,0.162,36.8,111024,66.4,0.034,2.36,2126.15,0.61,38.9
california,18,Incumbent,D,True,,0.638,0.011000000000000001,0.018000000000000002,0.159,39.6,120089,66.5,0.024,2.36,2126.15,0.61,71.2
california,18,Challenger,R,False,6752700.0,0.638,0.011000000000000001,0.018000000000000002,0.159,39.6,120089,66.5,0.024,2.36,2126.15,0.61,28.8
california,19,Incumbent,D,True,,0.433,0.012,0.028999999999999998,0.413,36.8,85536,66.7,0.042,2.36,2126.15,0.61,74.0
california,19,Challenger,R,False,6752700.0,0.433,0.012,0.028999999999999998,0.413,36.8,85536,66.7,0.042,2.36,2126.15,0.61,26.0
california,20,Challenger,D,True,,0.7040000000000001,0.003,0.017,0.529,34.4,61507,61.0,0.036000000000000004,2.36,2126.15,0.61,70.6
california,20,Challenger,R,False,6752700.0,0.7040000000000001,0.003,0.017,0.529,34.4,61507,61.0,0.036000000000000004,2.36,2126.15,0.61,29.4
california,21,Incumbent,R,False,6752700.0,0.733,0.005,0.038,0.747,29.6,37970,57.8,0.071,2.36,2126.15,0.61,58.0
california,21,Challenger,D,True,,0.733,0.005,0.038,0.747,29.6,37970,57.8,0.071,2.36,2126.15,0.61,42.0
california,22,Incumbent,R,False,6752700.0,0.735,0.006999999999999999,0.034,0.467,32.8,53886,61.0,0.049,2.36,2126.15,0.61,68.2
california,22,Challenger,D,True,,0.735,0.006999999999999999,0.034,0.467,32.8,53886,61.0,0.049,2.36,2126.15,0.61,31.8
california,23,Incumbent,R,False,6752700.0,0.759,0.005,0.071,0.377,33.3,59341,58.4,0.05,2.36,2126.15,0.61,70.0
california,23,Challenger,D,True,,0.759,0.005,0.071,0.377,33.3,59341,58.4,0.05,2.36,2126.15,0.61,30.0
california,24,Challenger,D,True,,0.8109999999999999,0.003,0.02,0.36,35.8,63199,62.1,0.035,2.36,2126.15,0.61,53.2
california,24,Challenger,R,False,6752700.0,0.8109999999999999,0.003,0.02,0.36,35.8,63199,62.1,0.035,2.36,2126.15,0.61,46.8
california,25,Incumbent,R,False,6752700.0,0.655,0.009000000000000001,0.083,0.37200000000000005,36.0,75732,61.9,0.046,2.36,2126.15,0.61,54.2
california,25,Challenger,D,True,,0.655,0.009000000000000001,0.083,0.37200000000000005,36.0,75732,61.9,0.046,2.36,2126.15,0.61,45.8
california,26,Incumbent,D,True,,0.807,0.005,0.018000000000000002,0.45,37.3,77744,64.7,0.046,2.36,2126.15,0.61,59.9
california,26,Challenger,R,False,6752700.0,0.807,0.005,0.018000000000000002,0.45,37.3,77744,64.7,0.046,2.36,2126.15,0.61,40.1
california,27,Incumbent,D,True,,0.384,0.013999999999999999,0.048,0.27899999999999997,41.4,71343,62.2,0.035,2.36,2126.15,0.61,66.5
california,27,Challenger,R,False,6752700.0,0.384,0.013999999999999999,0.048,0.27899999999999997,41.4,71343,62.2,0.035,2.36,2126.15,0.61,33.5
california,28,Incumbent,D,True,,0.674,0.011000000000000001,0.03,0.242,39.5,61405,68.3,0.045,2.36,2126.15,0.61,77.9
california,28,Challenger,R,False,6752700.0,0.674,0.011000000000000001,0.03,0.242,39.5,61405,68.3,0.045,2.36,2126.15,0.61,22.1
california,29,Incumbent,D,True,,0.56,0.009000000000000001,0.039,0.688,33.8,47608,65.9,0.049,2.36,2126.15,0.61,75.2
california,29,Challenger,D,True,,0.56,0.009000000000000001,0.039,0.688,33.8,47608,65.9,0.049,2.36,2126.15,0.61,24.8
california,30,Incumbent,D,True,,0.6509999999999999,0.01,0.043,0.289,38.6,75853,67.3,0.04,2.36,2126.15,0.61,72.4
california,30,Challenger,R,False,6752700.0,0.6509999999999999,0.01,0.043,0.289,38.6,75853,67.3,0.04,2.36,2126.15,0.61,27.6
california,31,Incumbent,D,True,,0.615,0.008,0.109,0.518,32.3,54453,61.5,0.051,2.36,2126.15,0.61,55.7
california,31,Challenger,R,False,6752700.0,0.615,0.008,0.109,0.518,32.3,54453,61.5,0.051,2.36,2126.15,0.61,44.3
california,32,Incumbent,D,True,,0.49200000000000005,0.011000000000000001,0.019,0.634,36.6,61756,62.0,0.047,2.36,2126.15,0.61,62.4
california,32,Challenger,D,True,,0.49200000000000005,0.011000000000000001,0.019,0.634,36.6,61756,62.0,0.047,2.36,2126.15,0.61,37.6
california,33,Incumbent,D,True,,0.718,0.011000000000000001,0.037000000000000005,0.13,40.8,97074,64.8,0.037000000000000005,2.36,2126.15,0.61,66.3
california,33,Challenger,R,False,6752700.0,0.718,0.011000000000000001,0.037000000000000005,0.13,40.8,97074,64.8,0.037000000000000005,2.36,2126.15,0.61,33.7
california,34,Incumbent,D,True,,0.406,0.01,0.047,0.642,34.2,38326,64.6,0.051,2.36,2126.15,0.61,78.2
california,34,Challenger,D,True,,0.406,0.01,0.047,0.642,34.2,38326,64.6,0.051,2.36,2126.15,0.61,21.8
california,35,Incumbent,D,True,,0.45299999999999996,0.008,0.062,0.715,31.6,56215,63.1,0.057,2.36,2126.15,0.61,71.8
california,35,Challenger,R,False,6752700.0,0.45299999999999996,0.008,0.062,0.715,31.6,56215,63.1,0.057,2.36,2126.15,0.61,28.2
california,36,Incumbent,D,True,,0.6940000000000001,0.005,0.048,0.498,39.6,46471,53.1,0.055999999999999994,2.36,2126.15,0.61,61.4
california,36,Challenger,R,False,6752700.0,0.6940000000000001,0.005,0.048,0.498,39.6,46471,53.1,0.055999999999999994,2.36,2126.15,0.61,38.6
california,37,Incumbent,D,True,,0.415,0.008,0.237,0.381,35.2,51114,65.6,0.051,2.36,2126.15,0.61,82.0
california,37,Challenger,D,True,,0.415,0.008,0.237,0.381,35.2,51114,65.6,0.051,2.36,2126.15,0.61,18.0
california,38,Incumbent,D,True,,0.452,0.011000000000000001,0.039,0.625,36.9,62697,60.6,0.038,2.36,2126.15,0.61,69.7
california,38,Challenger,R,False,6752700.0,0.452,0.011000000000000001,0.039,0.625,36.9,62697,60.6,0.038,2.36,2126.15,0.61,30.3
california,39,Incumbent,R,False,6752700.0,0.536,0.013999999999999999,0.017,0.349,39.2,81183,63.3,0.042,2.36,2126.15,0.61,57.7
california,39,Challenger,D,True,,0.536,0.013999999999999999,0.017,0.349,39.2,81183,63.3,0.042,2.36,2126.15,0.61,42.3
california,40,Incumbent,D,True,,0.604,0.005,0.048,0.8759999999999999,30.8,42497,63.3,0.054000000000000006,2.36,2126.15,0.61,71.9
california,41,Incumbent,D,True,,0.529,0.006999999999999999,0.09300000000000001,0.58,30.9,58592,63.1,0.061,2.36,2126.15,0.61,64.4
california,41,Challenger,R,False,6752700.0,0.529,0.006999999999999999,0.09300000000000001,0.58,30.9,58592,63.1,0.061,2.36,2126.15,0.61,35.6
california,42,Incumbent,R,False,6752700.0,0.654,0.009000000000000001,0.053,0.381,35.8,72536,62.2,0.055999999999999994,2.36,2126.15,0.61,59.0
california,42,Challenger,D,True,,0.654,0.009000000000000001,0.053,0.381,35.8,72536,62.2,0.055999999999999994,2.36,2126.15,0.61,41.0
california,43,Incumbent,D,True,,0.321,0.01,0.226,0.483,34.7,50885,63.9,0.049,2.36,2126.15,0.61,75.6
california,43,Challenger,R,False,6752700.0,0.321,0.01,0.226,0.483,34.7,50885,63.9,0.049,2.36,2126.15,0.61,24.4
california,44,Challenger,D,True,,0.46299999999999997,0.009000000000000001,0.151,0.6940000000000001,32.3,49037,63.0,0.061,2.36,2126.15,0.61,51.1
california,44,Challenger,D,True,,0.46299999999999997,0.009000000000000001,0.151,0.6940000000000001,32.3,49037,63.0,0.061,2.36,2126.15,0.61,48.9
california,45,Incumbent,R,False,6752700.0,0.618,0.012,0.023,0.179,39.5,93374,64.6,0.033,2.36,2126.15,0.61,59.0
california,45,Challenger,D,True,,0.618,0.012,0.023,0.179,39.5,93374,64.6,0.033,2.36,2126.15,0.61,41.0
california,46,Challenger,D,True,,0.596,0.01,0.019,0.6729999999999999,31.7,57583,67.1,0.039,2.36,2126.15,0.61,69.9
california,46,Challenger,D,True,,0.596,0.01,0.019,0.6729999999999999,31.7,57583,67.1,0.039,2.36,2126.15,0.61,30.1
california,47,Incumbent,D,True,,0.55,0.013000000000000001,0.071,0.363,37.1,59744,63.1,0.035,2.36,2126.15,0.61,62.5
california,47,Challenger,R,False,6752700.0,0.55,0.013000000000000001,0.071,0.363,37.1,59744,63.1,0.035,2.36,2126.15,0.61,37.5
california,48,Incumbent,R,False,6752700.0,0.6729999999999999,0.011000000000000001,0.013000000000000001,0.203,42.0,83001,64.8,0.033,2.36,2126.15,0.61,58.5
california,48,Challenger,D,True,,0.6729999999999999,0.011000000000000001,0.013000000000000001,0.203,42.0,83001,64.8,0.033,2.36,2126.15,0.61,41.5
california,49,Incumbent,R,False,6752700.0,0.805,0.008,0.026000000000000002,0.258,37.8,81611,66.6,0.034,2.36,2126.15,0.61,51.0
california,49,Challenger,D,True,,0.805,0.008,0.026000000000000002,0.258,37.8,81611,66.6,0.034,2.36,2126.15,0.61,49.0
california,50,Incumbent,R,False,6752700.0,0.7809999999999999,0.009000000000000001,0.025,0.314,36.9,66103,63.5,0.043,2.36,2126.15,0.61,63.9
california,50,Challenger,D,True,,0.7809999999999999,0.009000000000000001,0.025,0.314,36.9,66103,63.5,0.043,2.36,2126.15,0.61,36.1
california,51,Incumbent,D,True,,0.64,0.009000000000000001,0.061,0.706,32.5,41085,59.1,0.066,2.36,2126.15,0.61,71.9
california,51,Challenger,R,False,6752700.0,0.64,0.009000000000000001,0.061,0.706,32.5,41085,59.1,0.066,2.36,2126.15,0.61,28.1
california,52,Incumbent,D,True,,0.691,0.01,0.028999999999999998,0.157,36.3,84479,67.2,0.033,2.36,2126.15,0.61,56.4
california,52,Challenger,R,False,6752700.0,0.691,0.01,0.028999999999999998,0.157,36.3,84479,67.2,0.033,2.36,2126.15,0.61,43.6
california,53,Incumbent,D,True,,0.644,0.01,0.09300000000000001,0.342,35.0,66917,67.6,0.05,2.36,2126.15,0.61,66.1
california,53,Challenger,R,False,6752700.0,0.644,0.01,0.09300000000000001,0.342,35.0,66917,67.6,0.05,2.36,2126.15,0.61,33.9
colorado,1,Incumbent,D,True,,0.7879999999999999,0.003,0.083,0.276,34.7,60576,70.8,0.035,2.36,2126.15,0.51,67.8
colorado,1,Challenger,R,False,2181052.0,0.7879999999999999,0.003,0.083,0.276,34.7,60576,70.8,0.035,2.36,2126.15,0.51,28.4
colorado,2,Incumbent,D,True,,0.91,0.003,0.008,0.105,37.3,72468,69.4,0.031,2.36,2126.15,0.51,56.8
colorado,2,Challenger,R,False,2181052.0,0.91,0.003,0.008,0.105,37.3,72468,69.4,0.031,2.36,2126.15,0.51,37.4
colorado,3,Incumbent,R,False,2181052.0,0.8859999999999999,0.002,0.012,0.24600000000000002,39.0,50010,62.4,0.044000000000000004,2.36,2126.15,0.51,54.6
colorado,3,Challenger,D,True,,0.8859999999999999,0.002,0.012,0.24600000000000002,39.0,50010,62.4,0.044000000000000004,2.36,2126.15,0.51,40.6
colorado,4,Incumbent,R,False,2181052.0,0.9079999999999999,0.003,0.013000000000000001,0.218,36.9,72390,67.6,0.032,2.36,2126.15,0.51,63.8
colorado,4,Challenger,D,True,,0.9079999999999999,0.003,0.013000000000000001,0.218,36.9,72390,67.6,0.032,2.36,2126.15,0.51,31.5
colorado,5,Incumbent,R,False,2181052.0,0.809,0.002,0.062,0.158,35.3,58882,64.8,0.039,2.36,2126.15,0.51,62.4
colorado,5,Challenger,D,True,,0.809,0.002,0.062,0.158,35.3,58882,64.8,0.039,2.36,2126.15,0.51,30.8
colorado,6,Incumbent,R,False,2181052.0,0.741,0.005,0.08800000000000001,0.20600000000000002,36.3,74430,71.1,0.032,2.36,2126.15,0.51,51.3
colorado,6,Challenger,D,True,,0.741,0.005,0.08800000000000001,0.20600000000000002,36.3,74430,71.1,0.032,2.36,2126.15,0.51,42.4
colorado,7,Incumbent,D,True,,0.8740000000000001,0.003,0.019,0.284,36.1,62330,69.6,0.033,2.36,2126.15,0.51,55.2
colorado,7,Challenger,R,False,2181052.0,0.8740000000000001,0.003,0.019,0.284,36.1,62330,69.6,0.033,2.36,2126.15,0.51,40.0
connecticut,1,Incumbent,D,True,160852172.0,0.7,0.005,0.156,0.158,41.0,69959,66.9,0.047,2.36,2126.15,0.61,63.6
connecticut,1,Challenger,R,False,700000.0,0.7,0.005,0.156,0.158,41.0,69959,66.9,0.047,2.36,2126.15,0.61,34.3
connecticut,2,Incumbent,D,True,160852172.0,0.8540000000000001,0.002,0.042,0.087,41.4,71670,66.9,0.040999999999999995,2.36,2126.15,0.61,63.0
connecticut,2,Challenger,R,False,700000.0,0.8540000000000001,0.002,0.042,0.087,41.4,71670,66.9,0.040999999999999995,2.36,2126.15,0.61,33.9
connecticut,3,Incumbent,D,True,160852172.0,0.73,0.004,0.132,0.16,39.0,63315,66.3,0.045,2.36,2126.15,0.61,68.7
connecticut,3,Challenger,R,False,700000.0,0.73,0.004,0.132,0.16,39.0,63315,66.3,0.045,2.36,2126.15,0.61,31.3
connecticut,4,Incumbent,D,True,160852172.0,0.7290000000000001,0.005,0.13,0.19399999999999998,39.7,89085,67.5,0.052000000000000005,2.36,2126.15,0.61,60.1
connecticut,4,Challenger,R,False,700000.0,0.7290000000000001,0.005,0.13,0.19399999999999998,39.7,89085,67.5,0.052000000000000005,2.36,2126.15,0.61,39.9
connecticut,5,Incumbent,D,True,160852172.0,0.815,0.006,0.069,0.171,41.8,68810,65.9,0.046,2.36,2126.15,0.61,57.9
connecticut,5,Challenger,R,False,700000.0,0.815,0.006,0.069,0.171,41.8,68810,65.9,0.046,2.36,2126.15,0.61,42.1
delaware,0,Challenger,D,True,,0.6920000000000001,0.002,0.21600000000000003,0.09,39.7,61255,62.5,0.036000000000000004,2.36,2126.15,0.62,55.5
delaware,0,Challenger,R,False,21321332.0,0.6920000000000001,0.002,0.21600000000000003,0.09,39.7,61255,62.5,0.036000000000000004,2.36,2126.15,0.62,41.0
florida,1,Challenger,R,False,13990323.0,0.7709999999999999,0.002,0.131,0.063,38.5,51094,61.1,0.042,2.36,2126.15,0.5,69.1
florida,1,Challenger,D,True,184931.0,0.7709999999999999,0.002,0.131,0.063,38.5,51094,61.1,0.042,2.36,2126.15,0.5,30.9
florida,2,Challenger,R,False,13990323.0,0.693,0.002,0.25,0.059000000000000004,36.5,44216,57.5,0.047,2.36,2126.15,0.5,67.3
florida,2,Challenger,D,True,184931.0,0.693,0.002,0.25,0.059000000000000004,36.5,44216,57.5,0.047,2.36,2126.15,0.5,29.9
florida,3,Incumbent,R,False,13990323.0,0.789,0.003,0.13699999999999998,0.085,37.9,49270,53.8,0.044000000000000004,2.36,2126.15,0.5,56.6
florida,3,Challenger,D,True,184931.0,0.789,0.003,0.13699999999999998,0.085,37.9,49270,53.8,0.044000000000000004,2.36,2126.15,0.5,39.7
florida,4,Challenger,R,False,13990323.0,0.757,0.004,0.15,0.084,38.1,57040,65.4,0.033,2.36,2126.15,0.5,70.2
florida,4,Challenger,D,True,184931.0,0.757,0.004,0.15,0.084,38.1,57040,65.4,0.033,2.36,2126.15,0.5,27.6
florida,5,Challenger,D,True,184931.0,0.415,0.005,0.496,0.14300000000000002,34.1,35116,64.3,0.067,2.36,2126.15,0.5,64.2
florida,5,Challenger,R,False,13990323.0,0.415,0.005,0.496,0.14300000000000002,34.1,35116,64.3,0.067,2.36,2126.15,0.5,35.8
florida,6,Incumbent,R,False,13990323.0,0.847,0.002,0.096,0.078,46.9,47713,51.9,0.035,2.36,2126.15,0.5,58.6
florida,6,Challenger,D,True,184931.0,0.847,0.002,0.096,0.078,46.9,47713,51.9,0.035,2.36,2126.15,0.5,41.4
florida,7,Challenger,D,True,184931.0,0.807,0.004,0.102,0.214,38.7,54667,62.1,0.04,2.36,2126.15,0.5,51.5
florida,7,Incumbent,R,False,13990323.0,0.807,0.004,0.102,0.214,38.7,54667,62.1,0.04,2.36,2126.15,0.5,48.5
florida,8,Incumbent,R,False,13990323.0,0.841,0.002,0.09699999999999999,0.10099999999999999,48.3,50070,53.1,0.036000000000000004,2.36,2126.15,0.5,63.1
florida,8,Challenger,D,True,184931.0,0.841,0.002,0.09699999999999999,0.10099999999999999,48.3,50070,53.1,0.036000000000000004,2.36,2126.15,0.5,32.5
florida,9,Challenger,D,True,184931.0,0.7340000000000001,0.006999999999999999,0.115,0.48700000000000004,35.5,47075,63.4,0.039,2.36,2126.15,0.5,57.5
florida,9,Challenger,R,False,13990323.0,0.7340000000000001,0.006999999999999999,0.115,0.48700000000000004,35.5,47075,63.4,0.039,2.36,2126.15,0.5,42.5
florida,10,Challenger,D,True,184931.0,0.753,0.008,0.125,0.193,39.9,53473,60.7,0.034,2.36,2126.15,0.5,64.9
florida,10,Challenger,R,False,13990323.0,0.753,0.008,0.125,0.193,39.9,53473,60.7,0.034,2.36,2126.15,0.5,35.1
florida,11,Incumbent,R,False,13990323.0,0.873,0.001,0.081,0.099,53.5,42548,40.4,0.038,2.36,2126.15,0.5,65.4
florida,11,Challenger,D,True,184931.0,0.873,0.001,0.081,0.099,53.5,42548,40.4,0.038,2.36,2126.15,0.5,31.6
florida,12,Incumbent,R,False,13990323.0,0.879,0.004,0.053,0.13699999999999998,45.0,51402,56.5,0.036000000000000004,2.36,2126.15,0.5,68.6
florida,12,Challenger,D,True,184931.0,0.879,0.004,0.053,0.13699999999999998,45.0,51402,56.5,0.036000000000000004,2.36,2126.15,0.5,31.4
florida,13,Challenger,D,True,184931.0,0.867,0.004,0.055,0.10099999999999999,48.3,47579,58.7,0.031,2.36,2126.15,0.5,51.9
florida,13,Incumbent,R,False,13990323.0,0.867,0.004,0.055,0.10099999999999999,48.3,47579,58.7,0.031,2.36,2126.15,0.5,48.1
florida,14,Incumbent,D,True,184931.0,0.619,0.004,0.264,0.29600000000000004,36.1,42654,64.6,0.053,2.36,2126.15,0.5,61.8
florida,14,Challenger,R,False,13990323.0,0.619,0.004,0.264,0.29600000000000004,36.1,42654,64.6,0.053,2.36,2126.15,0.5,38.2
florida,15,Incumbent,R,False,13990323.0,0.7559999999999999,0.005,0.131,0.18,37.7,51598,61.0,0.04,2.36,2126.15,0.5,57.5
florida,15,Challenger,D,True,184931.0,0.7559999999999999,0.005,0.131,0.18,37.7,51598,61.0,0.04,2.36,2126.15,0.5,42.5
florida,16,Incumbent,R,False,13990323.0,0.8909999999999999,0.001,0.07,0.122,51.9,53624,50.1,0.033,2.36,2126.15,0.5,59.8
florida,16,Challenger,D,True,184931.0,0.8909999999999999,0.001,0.07,0.122,51.9,53624,50.1,0.033,2.36,2126.15,0.5,40.2
florida,17,Incumbent,R,False,13990323.0,0.826,0.002,0.098,0.17600000000000002,47.8,44088,48.5,0.036000000000000004,2.36,2126.15,0.5,61.8
florida,17,Challenger,D,True,184931.0,0.826,0.002,0.098,0.17600000000000002,47.8,44088,48.5,0.036000000000000004,2.36,2126.15,0.5,34.2
florida,18,Challenger,R,False,13990323.0,0.802,0.003,0.131,0.149,46.9,55117,56.1,0.032,2.36,2126.15,0.5,53.6
florida,18,Challenger,D,True,184931.0,0.802,0.003,0.131,0.149,46.9,55117,56.1,0.032,2.36,2126.15,0.5,43.0
florida,19,Challenger,R,False,13990323.0,0.867,0.002,0.08,0.20199999999999999,50.3,53878,50.3,0.032,2.36,2126.15,0.5,65.9
florida,19,Challenger,D,True,184931.0,0.867,0.002,0.08,0.20199999999999999,50.3,53878,50.3,0.032,2.36,2126.15,0.5,34.1
florida,20,Incumbent,D,True,184931.0,0.38799999999999996,0.005,0.537,0.218,36.8,39569,64.4,0.075,2.36,2126.15,0.5,80.3
florida,20,Challenger,R,False,13990323.0,0.38799999999999996,0.005,0.537,0.218,36.8,39569,64.4,0.075,2.36,2126.15,0.5,19.7
florida,21,Incumbent,D,True,184931.0,0.774,0.005,0.13699999999999998,0.235,43.7,61409,60.7,0.04,2.36,2126.15,0.5,62.7
florida,21,Challenger,R,False,13990323.0,0.774,0.005,0.13699999999999998,0.235,43.7,61409,60.7,0.04,2.36,2126.15,0.5,35.2
florida,22,Incumbent,D,True,184931.0,0.7959999999999999,0.004,0.115,0.23600000000000002,46.1,56090,62.1,0.040999999999999995,2.36,2126.15,0.5,58.9
florida,22,Challenger,R,False,13990323.0,0.7959999999999999,0.004,0.115,0.23600000000000002,46.1,56090,62.1,0.040999999999999995,2.36,2126.15,0.5,41.1
florida,23,Incumbent,D,True,184931.0,0.755,0.006999999999999999,0.11699999999999999,0.397,41.7,56643,67.3,0.039,2.36,2126.15,0.5,56.7
florida,23,Challenger,R,False,13990323.0,0.755,0.006999999999999999,0.11699999999999999,0.397,41.7,56643,67.3,0.039,2.36,2126.15,0.5,40.5
florida,25,Incumbent,R,False,13990323.0,0.871,0.006999999999999999,0.062,0.7090000000000001,40.7,50118,60.4,0.034,2.36,2126.15,0.5,62.4
florida,25,Challenger,D,True,184931.0,0.871,0.006999999999999999,0.062,0.7090000000000001,40.7,50118,60.4,0.034,2.36,2126.15,0.5,37.6
florida,26,Incumbent,R,False,13990323.0,0.852,0.004,0.10300000000000001,0.6970000000000001,39.8,52112,62.0,0.033,2.36,2126.15,0.5,53.0
florida,26,Challenger,D,True,184931.0,0.852,0.004,0.10300000000000001,0.6970000000000001,39.8,52112,62.0,0.033,2.36,2126.15,0.5,41.2
florida,27,Incumbent,R,False,13990323.0,0.862,0.004,0.087,0.754,41.1,42237,61.4,0.038,2.36,2126.15,0.5,54.9
florida,27,Challenger,D,True,184931.0,0.862,0.004,0.087,0.754,41.1,42237,61.4,0.038,2.36,2126.15,0.5,45.1
georgia,2,Incumbent,D,True,,0.423,0.002,0.526,0.052000000000000005,36.2,35347,55.6,0.06,2.36,2126.15,0.49,61.0
georgia,2,Challenger,R,False,2800787.0,0.423,0.002,0.526,0.052000000000000005,36.2,35347,55.6,0.06,2.36,2126.15,0.49,39.0
georgia,3,Challenger,R,False,2800787.0,0.7020000000000001,0.003,0.24100000000000002,0.054000000000000006,37.8,52584,59.9,0.047,2.36,2126.15,0.49,68.4
georgia,3,Challenger,D,True,,0.7020000000000001,0.003,0.24100000000000002,0.054000000000000006,37.8,52584,59.9,0.047,2.36,2126.15,0.49,31.6
georgia,4,Incumbent,D,True,,0.306,0.006999999999999999,0.594,0.09699999999999999,35.5,50668,67.5,0.06,2.36,2126.15,0.49,75.6
georgia,4,Challenger,R,False,2800787.0,0.306,0.006999999999999999,0.594,0.09699999999999999,35.5,50668,67.5,0.06,2.36,2126.15,0.49,24.4
georgia,5,Incumbent,D,True,,0.33299999999999996,0.005,0.578,0.063,33.7,48017,66.6,0.055,2.36,2126.15,0.49,84.6
georgia,5,Challenger,R,False,2800787.0,0.33299999999999996,0.005,0.578,0.063,33.7,48017,66.6,0.055,2.36,2126.15,0.49,15.4
georgia,6,Incumbent,R,False,2800787.0,0.698,0.006999999999999999,0.132,0.132,37.6,83844,71.7,0.037000000000000005,2.36,2126.15,0.49,61.6
georgia,6,Challenger,D,True,,0.698,0.006999999999999999,0.132,0.132,37.6,83844,71.7,0.037000000000000005,2.36,2126.15,0.49,38.4
georgia,7,Incumbent,R,False,2800787.0,0.569,0.006,0.20600000000000002,0.183,35.1,69201,68.8,0.04,2.36,2126.15,0.49,60.5
georgia,7,Challenger,D,True,,0.569,0.006,0.20600000000000002,0.183,35.1,69201,68.8,0.04,2.36,2126.15,0.49,39.5
georgia,8,Incumbent,R,False,2800787.0,0.643,0.004,0.298,0.066,36.8,42582,57.1,0.044000000000000004,2.36,2126.15,0.49,67.7
georgia,8,Challenger,D,True,,0.643,0.004,0.298,0.066,36.8,42582,57.1,0.044000000000000004,2.36,2126.15,0.49,32.3
georgia,11,Incumbent,R,False,2800787.0,0.733,0.005,0.159,0.105,36.6,69662,68.3,0.034,2.36,2126.15,0.49,67.5
georgia,11,Challenger,D,True,,0.733,0.005,0.159,0.105,36.6,69662,68.3,0.034,2.36,2126.15,0.49,32.5
georgia,12,Incumbent,R,False,2800787.0,0.5870000000000001,0.003,0.35,0.062,35.2,42336,55.9,0.04,2.36,2126.15,0.49,61.6
georgia,12,Challenger,D,True,,0.5870000000000001,0.003,0.35,0.062,35.2,42336,55.9,0.04,2.36,2126.15,0.49,38.4
hawaii,1,Challenger,D,True,,0.19,0.011000000000000001,0.024,0.084,38.6,77156,66.9,0.025,2.36,2126.15,0.57,71.9
hawaii,1,Challenger,R,False,,0.19,0.011000000000000001,0.024,0.084,38.6,77156,66.9,0.025,2.36,2126.15,0.57,22.7
hawaii,2,Incumbent,D,True,,0.32799999999999996,0.011000000000000001,0.017,0.12300000000000001,36.9,70420,64.0,0.036000000000000004,2.36,2126.15,0.57,81.1
hawaii,2,Challenger,R,False,,0.32799999999999996,0.011000000000000001,0.017,0.12300000000000001,36.9,70420,64.0,0.036000000000000004,2.36,2126.15,0.57,18.9
idaho,1,Incumbent,R,False,101593311.0,0.9159999999999999,0.002,0.004,0.105,37.9,48216,60.0,0.036000000000000004,2.36,2126.15,0.32,68.0
idaho,1,Challenger,D,True,,0.9159999999999999,0.002,0.004,0.105,37.9,48216,60.0,0.036000000000000004,2.36,2126.15,0.32,32.0
idaho,2,Incumbent,R,False,101593311.0,0.914,0.002,0.006,0.13699999999999998,33.7,48363,64.8,0.031,2.36,2126.15,0.32,63.0
idaho,2,Challenger,D,True,,0.914,0.002,0.006,0.13699999999999998,33.7,48363,64.8,0.031,2.36,2126.15,0.32,29.3
illinois,1,Incumbent,D,True,2668277.0,0.408,0.004,0.51,0.099,38.0,48295,60.5,0.078,2.36,2126.15,0.59,73.4
illinois,1,Challenger,R,False,,0.408,0.004,0.51,0.099,38.0,48295,60.5,0.078,2.36,2126.15,0.59,26.6
illinois,2,Incumbent,D,True,2668277.0,0.369,0.002,0.565,0.133,38.3,44353,60.8,0.08800000000000001,2.36,2126.15,0.59,79.6
illinois,2,Challenger,R,False,,0.369,0.002,0.565,0.133,38.3,44353,60.8,0.08800000000000001,2.36,2126.15,0.59,20.4
illinois,5,Incumbent,D,True,2668277.0,0.823,0.006999999999999999,0.031,0.203,35.2,76963,73.2,0.034,2.36,2126.15,0.59,67.6
illinois,5,Challenger,R,False,,0.823,0.006999999999999999,0.031,0.203,35.2,76963,73.2,0.034,2.36,2126.15,0.59,27.8
illinois,6,Incumbent,R,False,,0.8340000000000001,0.006999999999999999,0.03,0.11900000000000001,40.7,93474,68.8,0.031,2.36,2126.15,0.59,59.5
illinois,6,Challenger,D,True,2668277.0,0.8340000000000001,0.006999999999999999,0.03,0.11900000000000001,40.7,93474,68.8,0.031,2.36,2126.15,0.59,40.5
illinois,7,Incumbent,D,True,2668277.0,0.353,0.008,0.489,0.141,34.3,51346,63.3,0.066,2.36,2126.15,0.59,84.0
illinois,7,Challenger,R,False,,0.353,0.008,0.489,0.141,34.3,51346,63.3,0.066,2.36,2126.15,0.59,16.0
illinois,8,Challenger,D,True,2668277.0,0.6559999999999999,0.013000000000000001,0.046,0.278,37.4,67079,71.8,0.039,2.36,2126.15,0.59,58.1
illinois,8,Challenger,R,False,,0.6559999999999999,0.013000000000000001,0.046,0.278,37.4,67079,71.8,0.039,2.36,2126.15,0.59,41.9
illinois,9,Incumbent,D,True,2668277.0,0.723,0.009000000000000001,0.086,0.113,40.2,66202,64.5,0.035,2.36,2126.15,0.59,65.8
illinois,9,Challenger,R,False,,0.723,0.009000000000000001,0.086,0.113,40.2,66202,64.5,0.035,2.36,2126.15,0.59,34.2
illinois,10,Challenger,D,True,2668277.0,0.767,0.008,0.071,0.225,37.9,77031,68.3,0.037000000000000005,2.36,2126.15,0.59,52.5
illinois,10,Incumbent,R,False,,0.767,0.008,0.071,0.225,37.9,77031,68.3,0.037000000000000005,2.36,2126.15,0.59,47.5
illinois,11,Incumbent,D,True,2668277.0,0.6579999999999999,0.006999999999999999,0.111,0.272,35.3,67065,70.2,0.037000000000000005,2.36,2126.15,0.59,59.9
illinois,11,Challenger,R,False,,0.6579999999999999,0.006999999999999999,0.111,0.272,35.3,67065,70.2,0.037000000000000005,2.36,2126.15,0.59,40.1
illinois,12,Incumbent,R,False,,0.785,0.002,0.172,0.033,39.1,46803,59.8,0.048,2.36,2126.15,0.59,54.3
illinois,12,Challenger,D,True,2668277.0,0.785,0.002,0.172,0.033,39.1,46803,59.8,0.048,2.36,2126.15,0.59,39.7
illinois,13,Incumbent,R,False,,0.805,0.002,0.113,0.031,36.5,50211,60.3,0.037000000000000005,2.36,2126.15,0.59,59.7
illinois,13,Challenger,D,True,2668277.0,0.805,0.002,0.113,0.031,36.5,50211,60.3,0.037000000000000005,2.36,2126.15,0.59,40.3
illinois,14,Incumbent,R,False,,0.8759999999999999,0.006999999999999999,0.034,0.113,39.1,86050,70.2,0.028999999999999998,2.36,2126.15,0.59,59.6
illinois,14,Challenger,D,True,2668277.0,0.8759999999999999,0.006999999999999999,0.034,0.113,39.1,86050,70.2,0.028999999999999998,2.36,2126.15,0.59,40.4
illinois,17,Incumbent,D,True,2668277.0,0.821,0.002,0.11800000000000001,0.092,40.1,45731,61.5,0.049,2.36,2126.15,0.59,60.1
illinois,17,Challenger,R,False,,0.821,0.002,0.11800000000000001,0.092,40.1,45731,61.5,0.049,2.36,2126.15,0.59,39.9
illinois,18,Incumbent,R,False,,0.9109999999999999,0.003,0.035,0.027999999999999997,39.9,61544,63.8,0.031,2.36,2126.15,0.59,72.2
illinois,18,Challenger,D,True,2668277.0,0.9109999999999999,0.003,0.035,0.027999999999999997,39.9,61544,63.8,0.031,2.36,2126.15,0.59,27.8
indiana,1,Incumbent,D,True,143861691.0,0.696,0.001,0.187,0.151,38.7,52256,60.5,0.049,2.36,2126.15,0.43,81.5
indiana,2,Incumbent,R,False,30088558.0,0.865,0.002,0.067,0.094,37.5,48654,61.5,0.033,2.36,2126.15,0.43,59.3
indiana,2,Challenger,D,True,143861691.0,0.865,0.002,0.067,0.094,37.5,48654,61.5,0.033,2.36,2126.15,0.43,36.9
indiana,3,Challenger,R,False,30088558.0,0.879,0.002,0.057999999999999996,0.061,36.8,50690,65.3,0.031,2.36,2126.15,0.43,70.1
indiana,3,Challenger,D,True,143861691.0,0.879,0.002,0.057999999999999996,0.061,36.8,50690,65.3,0.031,2.36,2126.15,0.43,23.0
indiana,4,Incumbent,R,False,30088558.0,0.893,0.002,0.037000000000000005,0.06,36.3,54897,64.6,0.032,2.36,2126.15,0.43,64.6
indiana,4,Challenger,D,True,143861691.0,0.893,0.002,0.037000000000000005,0.06,36.3,54897,64.6,0.032,2.36,2126.15,0.43,30.5
indiana,5,Incumbent,R,False,30088558.0,0.846,0.004,0.085,0.044000000000000004,37.9,65165,69.0,0.03,2.36,2126.15,0.43,61.5
indiana,5,Challenger,D,True,143861691.0,0.846,0.004,0.085,0.044000000000000004,37.9,65165,69.0,0.03,2.36,2126.15,0.43,34.3
indiana,6,Incumbent,R,False,30088558.0,0.932,0.002,0.027000000000000003,0.024,40.4,50588,61.3,0.033,2.36,2126.15,0.43,69.1
indiana,6,Challenger,D,True,143861691.0,0.932,0.002,0.027000000000000003,0.024,40.4,50588,61.3,0.033,2.36,2126.15,0.43,26.7
indiana,7,Incumbent,D,True,143861691.0,0.616,0.003,0.29100000000000004,0.10800000000000001,33.4,37939,66.0,0.06,2.36,2126.15,0.43,60.0
indiana,7,Challenger,R,False,30088558.0,0.616,0.003,0.29100000000000004,0.10800000000000001,33.4,37939,66.0,0.06,2.36,2126.15,0.43,35.7
indiana,8,Incumbent,R,False,30088558.0,0.92,0.002,0.04,0.022000000000000002,39.6,47134,60.8,0.031,2.36,2126.15,0.43,63.7
indiana,8,Challenger,D,True,143861691.0,0.92,0.002,0.04,0.022000000000000002,39.6,47134,60.8,0.031,2.36,2126.15,0.43,31.6
indiana,9,Challenger,R,False,30088558.0,0.914,0.002,0.028999999999999998,0.033,37.3,52041,62.9,0.034,2.36,2126.15,0.43,54.1
indiana,9,Challenger,D,True,143861691.0,0.914,0.002,0.028999999999999998,0.033,37.3,52041,62.9,0.034,2.36,2126.15,0.43,40.5
iowa,1,Incumbent,R,False,232875219.0,0.9079999999999999,0.002,0.037000000000000005,0.037000000000000005,38.9,55645,67.5,0.024,2.36,2126.15,0.44,53.9
iowa,1,Challenger,D,True,15464839.0,0.9079999999999999,0.002,0.037000000000000005,0.037000000000000005,38.9,55645,67.5,0.024,2.36,2126.15,0.44,46.1
iowa,2,Incumbent,D,True,15464839.0,0.898,0.002,0.04,0.055,38.1,52166,66.1,0.031,2.36,2126.15,0.44,53.7
iowa,2,Challenger,R,False,232875219.0,0.898,0.002,0.04,0.055,38.1,52166,66.1,0.031,2.36,2126.15,0.44,46.3
iowa,3,Incumbent,R,False,232875219.0,0.8909999999999999,0.002,0.042,0.067,36.7,59433,70.5,0.033,2.36,2126.15,0.44,53.5
iowa,3,Challenger,D,True,15464839.0,0.8909999999999999,0.002,0.042,0.067,36.7,59433,70.5,0.033,2.36,2126.15,0.44,39.8
iowa,4,Incumbent,R,False,232875219.0,0.924,0.002,0.017,0.064,38.9,51259,65.9,0.024,2.36,2126.15,0.44,61.4
iowa,4,Challenger,D,True,15464839.0,0.924,0.002,0.017,0.064,38.9,51259,65.9,0.024,2.36,2126.15,0.44,38.6
kansas,1,Challenger,R,False,319409267.0,0.871,0.001,0.03,0.158,35.3,48559,66.5,0.031,2.36,2126.15,0.41,66.2
kansas,2,Incumbent,R,False,319409267.0,0.8740000000000001,0.002,0.044000000000000004,0.067,37.1,50087,63.0,0.032,2.36,2126.15,0.41,61.1
kansas,2,Challenger,D,True,,0.8740000000000001,0.002,0.044000000000000004,0.067,37.1,50087,63.0,0.032,2.36,2126.15,0.41,32.5
kansas,3,Incumbent,R,False,319409267.0,0.8109999999999999,0.002,0.086,0.11699999999999999,36.5,71742,70.8,0.03,2.36,2126.15,0.41,51.3
kansas,3,Challenger,D,True,,0.8109999999999999,0.002,0.086,0.11699999999999999,36.5,71742,70.8,0.03,2.36,2126.15,0.41,40.6
kansas,4,Incumbent,R,False,319409267.0,0.833,0.002,0.075,0.12,36.1,51427,65.0,0.028999999999999998,2.36,2126.15,0.41,61.0
kansas,4,Challenger,D,True,,0.833,0.002,0.075,0.12,36.1,51427,65.0,0.028999999999999998,2.36,2126.15,0.41,29.4
kentucky,1,Challenger,R,False,,0.895,0.002,0.073,0.027000000000000003,40.1,40358,55.2,0.034,2.36,2126.15,0.38,72.6
kentucky,1,Challenger,D,True,205358.0,0.895,0.002,0.073,0.027000000000000003,40.1,40358,55.2,0.034,2.36,2126.15,0.38,27.4
kentucky,3,Incumbent,D,True,205358.0,0.723,0.002,0.213,0.05,38.0,50450,65.4,0.04,2.36,2126.15,0.38,63.5
kentucky,3,Challenger,R,False,,0.723,0.002,0.213,0.05,38.0,50450,65.4,0.04,2.36,2126.15,0.38,36.5
kentucky,4,Incumbent,R,False,,0.9229999999999999,0.001,0.035,0.034,38.6,55744,63.0,0.033,2.36,2126.15,0.38,71.3
kentucky,4,Challenger,D,True,205358.0,0.9229999999999999,0.001,0.035,0.034,38.6,55744,63.0,0.033,2.36,2126.15,0.38,28.7
kentucky,6,Incumbent,R,False,,0.846,0.002,0.08800000000000001,0.045,36.9,49531,63.5,0.037000000000000005,2.36,2126.15,0.38,61.1
kentucky,6,Challenger,D,True,205358.0,0.846,0.002,0.08800000000000001,0.045,36.9,49531,63.5,0.037000000000000005,2.36,2126.15,0.38,38.9
louisiana,1,Incumbent,R,False,,0.7929999999999999,0.003,0.141,0.087,38.1,54677,63.2,0.037000000000000005,2.36,2126.15,0.43,74.6
louisiana,1,Challenger,D,True,,0.7929999999999999,0.003,0.141,0.087,38.1,54677,63.2,0.037000000000000005,2.36,2126.15,0.43,12.8
louisiana,1,Challenger,D,True,,0.7929999999999999,0.003,0.141,0.087,38.1,54677,63.2,0.037000000000000005,2.36,2126.15,0.43,3.9
louisiana,1,Challenger,D,True,,0.7929999999999999,0.003,0.141,0.087,38.1,54677,63.2,0.037000000000000005,2.36,2126.15,0.43,2.8
louisiana,2,Incumbent,D,True,,0.325,0.003,0.605,0.063,35.6,37856,61.7,0.057,2.36,2126.15,0.43,69.8
louisiana,2,Challenger,D,True,,0.325,0.003,0.605,0.063,35.6,37856,61.7,0.057,2.36,2126.15,0.43,20.1
louisiana,2,Challenger,D,True,,0.325,0.003,0.605,0.063,35.6,37856,61.7,0.057,2.36,2126.15,0.43,10.1
louisiana,3,Challenger,R,False,,0.7040000000000001,0.001,0.244,0.038,35.7,46766,62.3,0.045,2.36,2126.15,0.43,28.5
louisiana,3,Challenger,R,False,,0.7040000000000001,0.001,0.244,0.038,35.7,46766,62.3,0.045,2.36,2126.15,0.43,26.5
louisiana,3,Challenger,D,True,,0.7040000000000001,0.001,0.244,0.038,35.7,46766,62.3,0.045,2.36,2126.15,0.43,8.9
louisiana,3,Challenger,D,True,,0.7040000000000001,0.001,0.244,0.038,35.7,46766,62.3,0.045,2.36,2126.15,0.43,8.7
louisiana,3,Challenger,R,False,,0.7040000000000001,0.001,0.244,0.038,35.7,46766,62.3,0.045,2.36,2126.15,0.43,8.0
louisiana,3,Challenger,R,False,,0.7040000000000001,0.001,0.244,0.038,35.7,46766,62.3,0.045,2.36,2126.15,0.43,7.8
louisiana,3,Challenger,R,False,,0.7040000000000001,0.001,0.244,0.038,35.7,46766,62.3,0.045,2.36,2126.15,0.43,6.8
louisiana,3,Challenger,R,False,,0.7040000000000001,0.001,0.244,0.038,35.7,46766,62.3,0.045,2.36,2126.15,0.43,1.9
louisiana,3,Challenger,R,False,,0.7040000000000001,0.001,0.244,0.038,35.7,46766,62.3,0.045,2.36,2126.15,0.43,0.8
louisiana,3,Challenger,R,False,,0.7040000000000001,0.001,0.244,0.038,35.7,46766,62.3,0.045,2.36,2126.15,0.43,0.4
louisiana,4,Challenger,D,True,,0.608,0.001,0.342,0.037000000000000005,36.5,40689,55.2,0.04,2.36,2126.15,0.43,28.2
louisiana,4,Challenger,R,False,,0.608,0.001,0.342,0.037000000000000005,36.5,40689,55.2,0.04,2.36,2126.15,0.43,24.7
louisiana,4,Challenger,R,False,,0.608,0.001,0.342,0.037000000000000005,36.5,40689,55.2,0.04,2.36,2126.15,0.43,17.6
louisiana,4,Challenger,R,False,,0.608,0.001,0.342,0.037000000000000005,36.5,40689,55.2,0.04,2.36,2126.15,0.43,15.6
louisiana,4,Challenger,R,False,,0.608,0.001,0.342,0.037000000000000005,36.5,40689,55.2,0.04,2.36,2126.15,0.43,7.3
louisiana,4,Challenger,R,False,,0.608,0.001,0.342,0.037000000000000005,36.5,40689,55.2,0.04,2.36,2126.15,0.43,4.6
louisiana,5,Incumbent,R,False,,0.616,0.001,0.361,0.023,37.3,35321,52.2,0.043,2.36,2126.15,0.43,81.6
louisiana,5,Challenger,R,False,,0.616,0.001,0.361,0.023,37.3,35321,52.2,0.043,2.36,2126.15,0.43,18.4
louisiana,6,Incumbent,R,False,,0.696,0.002,0.242,0.043,35.2,60440,65.1,0.033,2.36,2126.15,0.43,62.7
louisiana,6,Challenger,D,True,,0.696,0.002,0.242,0.043,35.2,60440,65.1,0.033,2.36,2126.15,0.43,14.9
louisiana,6,Challenger,R,False,,0.696,0.002,0.242,0.043,35.2,60440,65.1,0.033,2.36,2126.15,0.43,10.1
louisiana,6,Challenger,D,True,,0.696,0.002,0.242,0.043,35.2,60440,65.1,0.033,2.36,2126.15,0.43,9.0
maine,1,Incumbent,D,True,61277610.0,0.943,0.002,0.013999999999999999,0.017,44.5,59452,65.2,0.028999999999999998,2.36,2126.15,0.53,57.9
maine,1,Challenger,R,False,,0.943,0.002,0.013999999999999999,0.017,44.5,59452,65.2,0.028999999999999998,2.36,2126.15,0.53,42.1
maine,2,Incumbent,R,False,,0.95,0.001,0.008,0.013999999999999999,44.6,44560,59.2,0.038,2.36,2126.15,0.53,54.9
maine,2,Challenger,D,True,61277610.0,0.95,0.001,0.008,0.013999999999999999,44.6,44560,59.2,0.038,2.36,2126.15,0.53,45.1
maryland,1,Incumbent,R,False,6584560.0,0.8290000000000001,0.004,0.11699999999999999,0.038,42.4,69824,63.8,0.033,2.36,2126.15,0.6,67.8
maryland,1,Challenger,D,True,,0.8290000000000001,0.004,0.11699999999999999,0.038,42.4,69824,63.8,0.033,2.36,2126.15,0.6,28.0
maryland,2,Incumbent,D,True,,0.5539999999999999,0.006,0.344,0.07,36.3,62278,66.7,0.038,2.36,2126.15,0.6,62.2
maryland,2,Challenger,R,False,6584560.0,0.5539999999999999,0.006,0.344,0.07,36.3,62278,66.7,0.038,2.36,2126.15,0.6,33.3
maryland,3,Incumbent,D,True,,0.6509999999999999,0.008,0.19899999999999998,0.09300000000000001,36.7,81231,69.6,0.037000000000000005,2.36,2126.15,0.6,62.8
maryland,3,Challenger,R,False,6584560.0,0.6509999999999999,0.008,0.19899999999999998,0.09300000000000001,36.7,81231,69.6,0.037000000000000005,2.36,2126.15,0.6,34.5
maryland,4,Challenger,D,True,,0.29,0.004,0.529,0.154,36.8,78412,71.5,0.04,2.36,2126.15,0.6,74.1
maryland,4,Challenger,R,False,6584560.0,0.29,0.004,0.529,0.154,36.8,78412,71.5,0.04,2.36,2126.15,0.6,21.6
maryland,5,Incumbent,D,True,,0.498,0.003,0.376,0.087,38.2,91820,68.6,0.032,2.36,2126.15,0.6,67.3
maryland,5,Challenger,R,False,6584560.0,0.498,0.003,0.376,0.087,38.2,91820,68.6,0.032,2.36,2126.15,0.6,29.7
maryland,6,Incumbent,D,True,,0.6829999999999999,0.008,0.138,0.132,38.4,73641,66.3,0.03,2.36,2126.15,0.6,55.4
maryland,6,Challenger,R,False,6584560.0,0.6829999999999999,0.008,0.138,0.132,38.4,73641,66.3,0.03,2.36,2126.15,0.6,40.9
maryland,7,Incumbent,D,True,,0.349,0.006,0.54,0.034,38.3,59026,61.0,0.051,2.36,2126.15,0.6,75.1
maryland,7,Challenger,R,False,6584560.0,0.349,0.006,0.54,0.034,38.3,59026,61.0,0.051,2.36,2126.15,0.6,21.9
maryland,8,Challenger,D,True,,0.664,0.006999999999999999,0.121,0.15,40.0,95314,70.4,0.032,2.36,2126.15,0.6,59.3
maryland,8,Challenger,R,False,6584560.0,0.664,0.006999999999999999,0.121,0.15,40.0,95314,70.4,0.032,2.36,2126.15,0.6,35.6
massachusetts,1,Incumbent,D,True,117014518.0,0.852,0.002,0.063,0.175,41.0,53918,63.3,0.043,2.36,2126.15,0.62,73.4
massachusetts,3,Incumbent,D,True,117014518.0,0.779,0.008,0.034,0.18899999999999997,39.0,72570,67.2,0.04,2.36,2126.15,0.62,68.7
massachusetts,3,Challenger,R,False,2682653.0,0.779,0.008,0.034,0.18899999999999997,39.0,72570,67.2,0.04,2.36,2126.15,0.62,31.3
massachusetts,4,Incumbent,D,True,117014518.0,0.87,0.006,0.028999999999999998,0.048,40.9,90913,67.8,0.036000000000000004,2.36,2126.15,0.62,70.0
massachusetts,4,Challenger,R,False,2682653.0,0.87,0.006,0.028999999999999998,0.048,40.9,90913,67.8,0.036000000000000004,2.36,2126.15,0.62,30.0
massachusetts,8,Incumbent,D,True,117014518.0,0.7709999999999999,0.005,0.096,0.059000000000000004,39.0,79789,70.0,0.04,2.36,2126.15,0.62,72.4
massachusetts,8,Challenger,R,False,2682653.0,0.7709999999999999,0.005,0.096,0.059000000000000004,39.0,79789,70.0,0.04,2.36,2126.15,0.62,27.6
massachusetts,9,Incumbent,D,True,117014518.0,0.883,0.003,0.031,0.05,45.6,63532,63.0,0.040999999999999995,2.36,2126.15,0.62,55.7
massachusetts,9,Challenger,R,False,2682653.0,0.883,0.003,0.031,0.05,45.6,63532,63.0,0.040999999999999995,2.36,2126.15,0.62,33.8
michigan,1,Challenger,R,False,,0.9209999999999999,0.001,0.017,0.02,46.4,45684,54.7,0.037000000000000005,2.36,2126.15,0.51,55.3
michigan,1,Challenger,D,True,5748864.0,0.9209999999999999,0.001,0.017,0.02,46.4,45684,54.7,0.037000000000000005,2.36,2126.15,0.51,39.7
michigan,2,Incumbent,R,False,,0.846,0.003,0.066,0.09300000000000001,37.0,51681,63.5,0.034,2.36,2126.15,0.51,62.7
michigan,2,Challenger,D,True,5748864.0,0.846,0.003,0.066,0.09300000000000001,37.0,51681,63.5,0.034,2.36,2126.15,0.51,32.4
michigan,3,Incumbent,R,False,,0.8390000000000001,0.003,0.08199999999999999,0.073,36.9,53861,65.5,0.04,2.36,2126.15,0.51,59.4
michigan,3,Challenger,D,True,5748864.0,0.8390000000000001,0.003,0.08199999999999999,0.073,36.9,53861,65.5,0.04,2.36,2126.15,0.51,37.5
michigan,4,Incumbent,R,False,,0.9390000000000001,0.001,0.019,0.033,41.0,47461,56.9,0.037000000000000005,2.36,2126.15,0.51,61.6
michigan,4,Challenger,D,True,5748864.0,0.9390000000000001,0.001,0.019,0.033,41.0,47461,56.9,0.037000000000000005,2.36,2126.15,0.51,32.1
michigan,5,Incumbent,D,True,5748864.0,0.775,0.002,0.168,0.047,41.1,42390,56.8,0.054000000000000006,2.36,2126.15,0.51,61.2
michigan,5,Challenger,R,False,,0.775,0.002,0.168,0.047,41.1,42390,56.8,0.054000000000000006,2.36,2126.15,0.51,35.1
michigan,6,Incumbent,R,False,,0.8440000000000001,0.001,0.084,0.06,38.8,50511,63.7,0.042,2.36,2126.15,0.51,58.6
michigan,6,Challenger,D,True,5748864.0,0.8440000000000001,0.001,0.084,0.06,38.8,50511,63.7,0.042,2.36,2126.15,0.51,36.4
michigan,7,Incumbent,R,False,,0.91,0.001,0.044000000000000004,0.043,42.0,53887,59.1,0.032,2.36,2126.15,0.51,55.0
michigan,7,Challenger,D,True,5748864.0,0.91,0.001,0.044000000000000004,0.043,42.0,53887,59.1,0.032,2.36,2126.15,0.51,40.1
michigan,8,Incumbent,R,False,,0.857,0.004,0.053,0.048,38.5,65400,65.0,0.039,2.36,2126.15,0.51,56.0
michigan,8,Challenger,D,True,5748864.0,0.857,0.004,0.053,0.048,38.5,65400,65.0,0.039,2.36,2126.15,0.51,39.2
michigan,9,Incumbent,D,True,5748864.0,0.792,0.005,0.134,0.022000000000000002,41.1,52455,62.9,0.042,2.36,2126.15,0.51,57.9
michigan,9,Challenger,R,False,,0.792,0.005,0.134,0.022000000000000002,41.1,52455,62.9,0.042,2.36,2126.15,0.51,37.4
michigan,10,Challenger,R,False,,0.925,0.003,0.027000000000000003,0.033,42.3,58068,61.9,0.037000000000000005,2.36,2126.15,0.51,63.0
michigan,10,Challenger,D,True,5748864.0,0.925,0.003,0.027000000000000003,0.033,42.3,58068,61.9,0.037000000000000005,2.36,2126.15,0.51,32.3
michigan,11,Incumbent,R,False,,0.802,0.006999999999999999,0.061,0.036000000000000004,41.1,77183,66.8,0.027999999999999997,2.36,2126.15,0.51,52.9
michigan,11,Challenger,D,True,5748864.0,0.802,0.006999999999999999,0.061,0.036000000000000004,41.1,77183,66.8,0.027999999999999997,2.36,2126.15,0.51,40.2
michigan,12,Incumbent,D,True,5748864.0,0.795,0.004,0.105,0.057999999999999996,35.9,54212,62.1,0.04,2.36,2126.15,0.51,64.4
michigan,12,Challenger,R,False,,0.795,0.004,0.105,0.057999999999999996,35.9,54212,62.1,0.04,2.36,2126.15,0.51,29.2
michigan,13,Incumbent,D,True,5748864.0,0.382,0.003,0.555,0.071,36.2,31789,55.2,0.08,2.36,2126.15,0.51,77.0
michigan,13,Challenger,R,False,,0.382,0.003,0.555,0.071,36.2,31789,55.2,0.08,2.36,2126.15,0.51,15.8
michigan,14,Incumbent,D,True,5748864.0,0.35200000000000004,0.006,0.561,0.048,38.0,40785,58.6,0.075,2.36,2126.15,0.51,78.5
michigan,14,Challenger,R,False,,0.35200000000000004,0.006,0.561,0.048,38.0,40785,58.6,0.075,2.36,2126.15,0.51,18.7
minnesota,1,Incumbent,D,True,155056246.0,0.91,0.003,0.027000000000000003,0.062,38.4,57189,69.3,0.027000000000000003,2.36,2126.15,0.52,50.4
minnesota,1,Challenger,R,False,,0.91,0.003,0.027000000000000003,0.062,38.4,57189,69.3,0.027000000000000003,2.36,2126.15,0.52,49.6
minnesota,2,Challenger,R,False,,0.848,0.003,0.040999999999999995,0.057999999999999996,37.7,77122,73.7,0.027000000000000003,2.36,2126.15,0.52,47.0
minnesota,2,Challenger,D,True,155056246.0,0.848,0.003,0.040999999999999995,0.057999999999999996,37.7,77122,73.7,0.027000000000000003,2.36,2126.15,0.52,45.2
minnesota,3,Incumbent,R,False,,0.8170000000000001,0.006999999999999999,0.073,0.043,39.8,81788,72.1,0.027000000000000003,2.36,2126.15,0.52,56.9
minnesota,3,Challenger,D,True,155056246.0,0.8170000000000001,0.006999999999999999,0.073,0.043,39.8,81788,72.1,0.027000000000000003,2.36,2126.15,0.52,43.1
minnesota,4,Incumbent,D,True,155056246.0,0.722,0.004,0.1,0.067,35.7,63638,69.3,0.035,2.36,2126.15,0.52,57.8
minnesota,4,Challenger,R,False,,0.722,0.004,0.1,0.067,35.7,63638,69.3,0.035,2.36,2126.15,0.52,34.5
minnesota,5,Incumbent,D,True,155056246.0,0.6759999999999999,0.006,0.17,0.09300000000000001,34.0,56752,73.6,0.037000000000000005,2.36,2126.15,0.52,69.2
minnesota,5,Challenger,R,False,,0.6759999999999999,0.006,0.17,0.09300000000000001,34.0,56752,73.6,0.037000000000000005,2.36,2126.15,0.52,22.3
minnesota,6,Incumbent,R,False,,0.915,0.003,0.024,0.027000000000000003,37.0,73227,73.2,0.028999999999999998,2.36,2126.15,0.52,65.7
minnesota,6,Challenger,D,True,155056246.0,0.915,0.003,0.024,0.027000000000000003,37.0,73227,73.2,0.028999999999999998,2.36,2126.15,0.52,34.3
minnesota,7,Incumbent,D,True,155056246.0,0.9229999999999999,0.001,0.013000000000000001,0.042,41.0,54481,66.2,0.022000000000000002,2.36,2126.15,0.52,52.5
minnesota,7,Challenger,R,False,,0.9229999999999999,0.001,0.013000000000000001,0.042,41.0,54481,66.2,0.022000000000000002,2.36,2126.15,0.52,47.5
minnesota,8,Incumbent,D,True,155056246.0,0.93,0.001,0.01,0.017,43.2,52179,61.9,0.027999999999999997,2.36,2126.15,0.52,50.3
minnesota,8,Challenger,R,False,,0.93,0.001,0.01,0.017,43.2,52179,61.9,0.027999999999999997,2.36,2126.15,0.52,49.7
mississippi,1,Incumbent,R,False,21757027.0,0.6920000000000001,0.001,0.27699999999999997,0.033,37.7,43910,58.5,0.045,2.36,2126.15,0.44,68.8
mississippi,1,Challenger,D,True,2986028.0,0.6920000000000001,0.001,0.27699999999999997,0.033,37.7,43910,58.5,0.045,2.36,2126.15,0.44,27.8
mississippi,2,Incumbent,D,True,2986028.0,0.313,0.002,0.6629999999999999,0.019,35.6,32152,53.5,0.063,2.36,2126.15,0.44,66.8
mississippi,2,Challenger,R,False,21757027.0,0.313,0.002,0.6629999999999999,0.019,35.6,32152,53.5,0.063,2.36,2126.15,0.44,29.4
mississippi,3,Incumbent,R,False,21757027.0,0.621,0.002,0.344,0.021,37.4,42817,57.6,0.04,2.36,2126.15,0.44,66.3
mississippi,3,Challenger,D,True,2986028.0,0.621,0.002,0.344,0.021,37.4,42817,57.6,0.04,2.36,2126.15,0.44,30.3
mississippi,4,Incumbent,R,False,21757027.0,0.7120000000000001,0.001,0.23800000000000002,0.040999999999999995,37.1,42383,57.8,0.053,2.36,2126.15,0.44,65.2
mississippi,4,Challenger,D,True,2986028.0,0.7120000000000001,0.001,0.23800000000000002,0.040999999999999995,37.1,42383,57.8,0.053,2.36,2126.15,0.44,27.7
missouri,1,Incumbent,D,True,,0.43799999999999994,0.004,0.49200000000000005,0.036000000000000004,35.4,42145,66.3,0.057999999999999996,2.36,2126.15,0.43,75.5
missouri,1,Challenger,R,False,1315600.0,0.43799999999999994,0.004,0.49200000000000005,0.036000000000000004,35.4,42145,66.3,0.057999999999999996,2.36,2126.15,0.43,20.0
missouri,2,Incumbent,R,False,1315600.0,0.89,0.004,0.037000000000000005,0.026000000000000002,42.7,77477,66.8,0.023,2.36,2126.15,0.43,58.6
missouri,2,Challenger,D,True,,0.89,0.004,0.037000000000000005,0.026000000000000002,42.7,77477,66.8,0.023,2.36,2126.15,0.43,37.6
missouri,3,Incumbent,R,False,1315600.0,0.929,0.002,0.034,0.022000000000000002,39.1,57578,65.2,0.027999999999999997,2.36,2126.15,0.43,67.8
missouri,3,Challenger,D,True,,0.929,0.002,0.034,0.022000000000000002,39.1,57578,65.2,0.027999999999999997,2.36,2126.15,0.43,27.9
missouri,4,Incumbent,R,False,1315600.0,0.888,0.002,0.053,0.038,36.6,45735,60.8,0.033,2.36,2126.15,0.43,67.8
missouri,4,Challenger,D,True,,0.888,0.002,0.053,0.038,36.6,45735,60.8,0.033,2.36,2126.15,0.43,27.8
missouri,5,Incumbent,D,True,,0.685,0.002,0.21899999999999997,0.08900000000000001,36.9,46396,64.9,0.032,2.36,2126.15,0.43,58.4
missouri,5,Challenger,R,False,1315600.0,0.685,0.002,0.21899999999999997,0.08900000000000001,36.9,46396,64.9,0.032,2.36,2126.15,0.43,38.5
missouri,6,Incumbent,R,False,1315600.0,0.9079999999999999,0.002,0.046,0.039,38.5,56422,64.2,0.03,2.36,2126.15,0.43,68.1
missouri,6,Challenger,D,True,,0.9079999999999999,0.002,0.046,0.039,38.5,56422,64.2,0.03,2.36,2126.15,0.43,28.3
missouri,7,Incumbent,R,False,1315600.0,0.9179999999999999,0.001,0.018000000000000002,0.05,37.7,43823,61.0,0.028999999999999998,2.36,2126.15,0.43,67.6
missouri,7,Challenger,D,True,,0.9179999999999999,0.001,0.018000000000000002,0.05,37.7,43823,61.0,0.028999999999999998,2.36,2126.15,0.43,27.4
missouri,8,Incumbent,R,False,1315600.0,0.92,0.002,0.051,0.017,40.5,40327,55.9,0.036000000000000004,2.36,2126.15,0.43,74.4
missouri,8,Challenger,D,True,,0.92,0.002,0.051,0.017,40.5,40327,55.9,0.036000000000000004,2.36,2126.15,0.43,22.7
montana,0,Incumbent,R,False,538557839.0,0.889,0.001,0.005,0.036000000000000004,39.9,49509,62.3,0.027999999999999997,2.36,2126.15,0.37,56.3
montana,0,Challenger,D,True,275363500.0,0.889,0.001,0.005,0.036000000000000004,39.9,49509,62.3,0.027999999999999997,2.36,2126.15,0.37,40.5
nebraska,1,Incumbent,R,False,,0.892,0.002,0.031,0.091,35.2,54647,70.0,0.022000000000000002,2.36,2126.15,0.43,69.6
nebraska,1,Challenger,D,True,,0.892,0.002,0.031,0.091,35.2,54647,70.0,0.022000000000000002,2.36,2126.15,0.43,30.4
nebraska,2,Challenger,R,False,,0.815,0.002,0.098,0.11,34.5,61607,71.3,0.025,2.36,2126.15,0.43,49.4
nebraska,2,Incumbent,D,True,,0.815,0.002,0.098,0.11,34.5,61607,71.3,0.025,2.36,2126.15,0.43,47.3
nevada,1,Incumbent,D,True,,0.541,0.008,0.10300000000000001,0.467,36.7,37299,63.7,0.066,2.36,2126.15,0.49,61.8
nevada,1,Challenger,R,False,,0.541,0.008,0.10300000000000001,0.467,36.7,37299,63.7,0.066,2.36,2126.15,0.49,28.8
nevada,2,Incumbent,R,False,,0.82,0.003,0.018000000000000002,0.22399999999999998,39.4,56823,63.5,0.040999999999999995,2.36,2126.15,0.49,58.3
nevada,2,Challenger,D,True,,0.82,0.003,0.018000000000000002,0.22399999999999998,39.4,56823,63.5,0.040999999999999995,2.36,2126.15,0.49,36.9
nevada,3,Challenger,D,True,,0.6829999999999999,0.008,0.073,0.165,38.7,64914,65.9,0.042,2.36,2126.15,0.49,47.2
nevada,3,Challenger,R,False,,0.6829999999999999,0.008,0.073,0.165,38.7,64914,65.9,0.042,2.36,2126.15,0.49,46.0
nevada,4,Challenger,D,True,,0.657,0.006999999999999999,0.146,0.27899999999999997,36.3,54731,60.6,0.052000000000000005,2.36,2126.15,0.49,48.5
nevada,4,Incumbent,R,False,,0.657,0.006999999999999999,0.146,0.27899999999999997,36.3,54731,60.6,0.052000000000000005,2.36,2126.15,0.49,44.5
new hampshire,1,Challenger,D,True,152608984.0,0,0,0,0,0,0,0,0,2.36,2126.15,0.47,44.2
new hampshire,1,Incumbent,R,False,7571055.0,0,0,0,0,0,0,0,0,2.36,2126.15,0.47,42.9
new hampshire,2,Incumbent,D,True,152608984.0,0,0,0,0,0,0,0,0,2.36,2126.15,0.47,49.8
new hampshire,2,Challenger,R,False,7571055.0,0,0,0,0,0,0,0,0,2.36,2126.15,0.47,45.4
new jersey,1,Incumbent,D,True,1670000.0,0,0,0,0,0,0,0,0,2.36,2126.15,0.57,59.8
new jersey,1,Challenger,R,False,3123000.0,0,0,0,0,0,0,0,0,2.36,2126.15,0.57,36.9
new jersey,2,Incumbent,R,False,3123000.0,0,0,0,0,0,0,0,0,2.36,2126.15,0.57,59.4
new jersey,2,Challenger,D,True,1670000.0,0,0,0,0,0,0,0,0,2.36,2126.15,0.57,37.1
new jersey,3,Incumbent,R,False,3123000.0,0,0,0,0,0,0,0,0,2.36,2126.15,0.57,59.5
new jersey,3,Challenger,D,True,1670000.0,0,0,0,0,0,0,0,0,2.36,2126.15,0.57,38.6
new jersey,4,Incumbent,R,False,3123000.0,0,0,0,0,0,0,0,0,2.36,2126.15,0.57,63.7
new jersey,4,Challenger,D,True,1670000.0,0,0,0,0,0,0,0,0,2.36,2126.15,0.57,33.5
new jersey,5,Challenger,D,True,1670000.0,0,0,0,0,0,0,0,0,2.36,2126.15,0.57,50.5
new jersey,5,Incumbent,R,False,3123000.0,0,0,0,0,0,0,0,0,2.36,2126.15,0.57,47.2
new jersey,6,Incumbent,D,True,1670000.0,0,0,0,0,0,0,0,0,2.36,2126.15,0.57,63.0
new jersey,6,Challenger,R,False,3123000.0,0,0,0,0,0,0,0,0,2.36,2126.15,0.57,35.7
new jersey,7,Incumbent,R,False,3123000.0,0,0,0,0,0,0,0,0,2.36,2126.15,0.57,54.2
new jersey,7,Challenger,D,True,1670000.0,0,0,0,0,0,0,0,0,2.36,2126.15,0.57,43.0
new jersey,8,Incumbent,D,True,1670000.0,0,0,0,0,0,0,0,0,2.36,2126.15,0.57,76.9
new jersey,8,Challenger,R,False,3123000.0,0,0,0,0,0,0,0,0,2.36,2126.15,0.57,18.6
new jersey,9,Incumbent,D,True,1670000.0,0,0,0,0,0,0,0,0,2.36,2126.15,0.57,69.6
new jersey,9,Challenger,R,False,3123000.0,0,0,0,0,0,0,0,0,2.36,2126.15,0.57,28.1
new jersey,10,Incumbent,D,True,1670000.0,0,0,0,0,0,0,0,0,2.36,2126.15,0.57,85.6
new jersey,10,Challenger,R,False,3123000.0,0,0,0,0,0,0,0,0,2.36,2126.15,0.57,12.0
new jersey,11,Incumbent,R,False,3123000.0,0,0,0,0,0,0,0,0,2.36,2126.15,0.57,58.2
new jersey,11,Challenger,D,True,1670000.0,0,0,0,0,0,0,0,0,2.36,2126.15,0.57,38.7
new jersey,12,Incumbent,D,True,1670000.0,0,0,0,0,0,0,0,0,2.36,2126.15,0.57,62.6
new jersey,12,Challenger,R,False,3123000.0,0,0,0,0,0,0,0,0,2.36,2126.15,0.57,32.3
new mexico,1,Incumbent,D,True,28322289.0,0,0,0,0,0,0,0,0,2.36,2126.15,0.51,65.1
new mexico,1,Challenger,R,False,6590373.0,0,0,0,0,0,0,0,0,2.36,2126.15,0.51,34.9
new mexico,2,Incumbent,R,False,6590373.0,0,0,0,0,0,0,0,0,2.36,2126.15,0.51,62.8
new mexico,2,Challenger,D,True,28322289.0,0,0,0,0,0,0,0,0,2.36,2126.15,0.51,37.2
new mexico,3,Incumbent,D,True,28322289.0,0,0,0,0,0,0,0,0,2.36,2126.15,0.51,62.5
new mexico,3,Challenger,R,False,6590373.0,0,0,0,0,0,0,0,0,2.36,2126.15,0.51,37.5
new york,1,Incumbent,R,False,413289314.0,0,0,0,0,0,0,0,0,2.36,2126.15,0.6,59.0
new york,1,Challenger,D,True,43237661.0,0,0,0,0,0,0,0,0,2.36,2126.15,0.6,41.0
new york,2,Incumbent,R,False,413289314.0,0,0,0,0,0,0,0,0,2.36,2126.15,0.6,62.4
new york,2,Challenger,D,True,43237661.0,0,0,0,0,0,0,0,0,2.36,2126.15,0.6,37.6
new york,3,Challenger,D,True,43237661.0,0,0,0,0,0,0,0,0,2.36,2126.15,0.6,52.4
new york,3,Challenger,R,False,413289314.0,0,0,0,0,0,0,0,0,2.36,2126.15,0.6,47.6
new york,4,Incumbent,D,True,43237661.0,0,0,0,0,0,0,0,0,2.36,2126.15,0.6,59.4
new york,4,Challenger,R,False,413289314.0,0,0,0,0,0,0,0,0,2.36,2126.15,0.6,40.6
new york,5,Incumbent,D,True,43237661.0,0,0,0,0,0,0,0,0,2.36,2126.15,0.6,85.5
new york,5,Challenger,R,False,413289314.0,0,0,0,0,0,0,0,0,2.36,2126.15,0.6,13.0
new york,6,Incumbent,D,True,43237661.0,0,0,0,0,0,0,0,0,2.36,2126.15,0.6,71.9
new york,6,Challenger,R,False,413289314.0,0,0,0,0,0,0,0,0,2.36,2126.15,0.6,27.0
new york,7,Incumbent,D,True,43237661.0,0,0,0,0,0,0,0,0,2.36,2126.15,0.6,90.7
new york,7,Challenger,R,False,413289314.0,0,0,0,0,0,0,0,0,2.36,2126.15,0.6,9.3
new york,8,Incumbent,D,True,43237661.0,0,0,0,0,0,0,0,0,2.36,2126.15,0.6,93.2
new york,9,Incumbent,D,True,43237661.0,0,0,0,0,0,0,0,0,2.36,2126.15,0.6,92.3
new york,10,Incumbent,D,True,43237661.0,0,0,0,0,0,0,0,0,2.36,2126.15,0.6,77.5
new york,10,Challenger,R,False,413289314.0,0,0,0,0,0,0,0,0,2.36,2126.15,0.6,22.5
new york,11,Incumbent,R,False,413289314.0,0,0,0,0,0,0,0,0,2.36,2126.15,0.6,62.2
new york,11,Challenger,D,True,43237661.0,0,0,0,0,0,0,0,0,2.36,2126.15,0.6,36.1
new york,12,Incumbent,D,True,43237661.0,0,0,0,0,0,0,0,0,2.36,2126.15,0.6,83.0
new york,12,Challenger,R,False,413289314.0,0,0,0,0,0,0,0,0,2.36,2126.15,0.6,17.0
new york,13,Challenger,D,True,43237661.0,0,0,0,0,0,0,0,0,2.36,2126.15,0.6,88.8
new york,13,Challenger,R,False,413289314.0,0,0,0,0,0,0,0,0,2.36,2126.15,0.6,6.9
new york,14,Incumbent,D,True,43237661.0,0,0,0,0,0,0,0,0,2.36,2126.15,0.6,82.6
new york,14,Challenger,R,False,413289314.0,0,0,0,0,0,0,0,0,2.36,2126.15,0.6,17.4
new york,15,Incumbent,D,True,43237661.0,0,0,0,0,0,0,0,0,2.36,2126.15,0.6,95.2
new york,15,Challenger,R,False,413289314.0,0,0,0,0,0,0,0,0,2.36,2126.15,0.6,3.6
new york,16,Incumbent,D,True,43237661.0,0,0,0,0,0,0,0,0,2.36,2126.15,0.6,94.7
new york,18,Incumbent,D,True,43237661.0,0,0,0,0,0,0,0,0,2.36,2126.15,0.6,55.2
new york,18,Challenger,R,False,413289314.0,0,0,0,0,0,0,0,0,2.36,2126.15,0.6,44.8
new york,19,Challenger,R,False,413289314.0,0,0,0,0,0,0,0,0,2.36,2126.15,0.6,54.7
new york,19,Challenger,D,True,43237661.0,0,0,0,0,0,0,0,0,2.36,2126.15,0.6,45.3
new york,20,Incumbent,D,True,43237661.0,0,0,0,0,0,0,0,0,2.36,2126.15,0.6,67.6
new york,20,Challenger,R,False,413289314.0,0,0,0,0,0,0,0,0,2.36,2126.15,0.6,32.4
new york,21,Incumbent,R,False,413289314.0,0,0,0,0,0,0,0,0,2.36,2126.15,0.6,66.1
new york,21,Challenger,D,True,43237661.0,0,0,0,0,0,0,0,0,2.36,2126.15,0.6,29.3
new york,22,Challenger,R,False,413289314.0,0,0,0,0,0,0,0,0,2.36,2126.15,0.6,47.0
new york,22,Challenger,D,True,43237661.0,0,0,0,0,0,0,0,0,2.36,2126.15,0.6,40.4
new york,23,Incumbent,R,False,413289314.0,0,0,0,0,0,0,0,0,2.36,2126.15,0.6,58.1
new york,23,Challenger,D,True,43237661.0,0,0,0,0,0,0,0,0,2.36,2126.15,0.6,41.9
new york,24,Incumbent,R,False,413289314.0,0,0,0,0,0,0,0,0,2.36,2126.15,0.6,61.0
new york,24,Challenger,D,True,43237661.0,0,0,0,0,0,0,0,0,2.36,2126.15,0.6,39.0
new york,25,Incumbent,D,True,43237661.0,0,0,0,0,0,0,0,0,2.36,2126.15,0.6,55.8
new york,25,Challenger,R,False,413289314.0,0,0,0,0,0,0,0,0,2.36,2126.15,0.6,44.2
new york,26,Incumbent,D,True,43237661.0,0,0,0,0,0,0,0,0,2.36,2126.15,0.6,74.4
new york,26,Challenger,R,False,413289314.0,0,0,0,0,0,0,0,0,2.36,2126.15,0.6,25.6
new york,27,Incumbent,R,False,413289314.0,0,0,0,0,0,0,0,0,2.36,2126.15,0.6,67.7
new york,27,Challenger,D,True,43237661.0,0,0,0,0,0,0,0,0,2.36,2126.15,0.6,32.3
north carolina,1,Incumbent,D,True,,0,0,0,0,0,0,0,0,2.36,2126.15,0.48,68.6
north carolina,1,Challenger,R,False,,0,0,0,0,0,0,0,0,2.36,2126.15,0.48,29.0
north carolina,2,Incumbent,R,False,,0,0,0,0,0,0,0,0,2.36,2126.15,0.48,56.7
north carolina,2,Challenger,D,True,,0,0,0,0,0,0,0,0,2.36,2126.15,0.48,43.3
north carolina,3,Incumbent,R,False,,0,0,0,0,0,0,0,0,2.36,2126.15,0.48,67.4
north carolina,3,Challenger,D,True,,0,0,0,0,0,0,0,0,2.36,2126.15,0.48,32.6
north carolina,4,Incumbent,D,True,,0,0,0,0,0,0,0,0,2.36,2126.15,0.48,68.2
north carolina,4,Challenger,R,False,,0,0,0,0,0,0,0,0,2.36,2126.15,0.48,31.8
north carolina,5,Incumbent,R,False,,0,0,0,0,0,0,0,0,2.36,2126.15,0.48,58.5
north carolina,5,Challenger,D,True,,0,0,0,0,0,0,0,0,2.36,2126.15,0.48,41.5
north carolina,6,Incumbent,R,False,,0,0,0,0,0,0,0,0,2.36,2126.15,0.48,59.3
north carolina,6,Challenger,D,True,,0,0,0,0,0,0,0,0,2.36,2126.15,0.48,40.7
north carolina,7,Incumbent,R,False,,0,0,0,0,0,0,0,0,2.36,2126.15,0.48,61.0
north carolina,7,Challenger,D,True,,0,0,0,0,0,0,0,0,2.36,2126.15,0.48,39.0
north carolina,8,Incumbent,R,False,,0,0,0,0,0,0,0,0,2.36,2126.15,0.48,58.8
north carolina,8,Challenger,D,True,,0,0,0,0,0,0,0,0,2.36,2126.15,0.48,41.2
north carolina,9,Incumbent,R,False,,0,0,0,0,0,0,0,0,2.36,2126.15,0.48,58.3
north carolina,9,Challenger,D,True,,0,0,0,0,0,0,0,0,2.36,2126.15,0.48,41.7
north carolina,10,Incumbent,R,False,,0,0,0,0,0,0,0,0,2.36,2126.15,0.48,63.2
north carolina,10,Challenger,D,True,,0,0,0,0,0,0,0,0,2.36,2126.15,0.48,36.8
north carolina,11,Incumbent,R,False,,0,0,0,0,0,0,0,0,2.36,2126.15,0.48,64.2
north carolina,11,Challenger,D,True,,0,0,0,0,0,0,0,0,2.36,2126.15,0.48,35.8
north carolina,12,Incumbent,D,True,,0,0,0,0,0,0,0,0,2.36,2126.15,0.48,67.0
north carolina,12,Challenger,R,False,,0,0,0,0,0,0,0,0,2.36,2126.15,0.48,33.0
north carolina,13,Challenger,R,False,,0,0,0,0,0,0,0,0,2.36,2126.15,0.48,56.1
north carolina,13,Challenger,D,True,,0,0,0,0,0,0,0,0,2.36,2126.15,0.48,43.9
north dakota,0,Incumbent,R,False,140634042.0,0,0,0,0,0,0,0,0,2.36,2126.15,0.38,69.2
north dakota,0,Challenger,D,True,22817497.0,0,0,0,0,0,0,0,0,2.36,2126.15,0.38,23.8
ohio,1,Incumbent,R,False,,0.713,0.003,0.221,0.027000000000000003,37.5,55059,65.4,0.045,2.36,2126.15,0.45,59.6
ohio,1,Challenger,D,True,16018270.0,0.713,0.003,0.221,0.027000000000000003,37.5,55059,65.4,0.045,2.36,2126.15,0.45,40.4
ohio,2,Incumbent,R,False,,0.873,0.003,0.083,0.022000000000000002,39.4,52371,62.2,0.033,2.36,2126.15,0.45,66.6
ohio,2,Challenger,D,True,16018270.0,0.873,0.003,0.083,0.022000000000000002,39.4,52371,62.2,0.033,2.36,2126.15,0.45,33.4
ohio,3,Incumbent,D,True,16018270.0,0.573,0.004,0.327,0.066,32.5,42601,68.3,0.052000000000000005,2.36,2126.15,0.45,68.3
ohio,3,Challenger,R,False,,0.573,0.004,0.327,0.066,32.5,42601,68.3,0.052000000000000005,2.36,2126.15,0.45,31.7
ohio,4,Incumbent,R,False,,0.905,0.002,0.053,0.037000000000000005,40.7,50627,61.9,0.037000000000000005,2.36,2126.15,0.45,68.1
ohio,4,Challenger,D,True,16018270.0,0.905,0.002,0.053,0.037000000000000005,40.7,50627,61.9,0.037000000000000005,2.36,2126.15,0.45,31.9
ohio,5,Incumbent,R,False,,0.92,0.002,0.027000000000000003,0.052000000000000005,39.5,56098,65.4,0.031,2.36,2126.15,0.45,71.0
ohio,5,Challenger,D,True,16018270.0,0.92,0.002,0.027000000000000003,0.052000000000000005,39.5,56098,65.4,0.031,2.36,2126.15,0.45,29.0
ohio,6,Incumbent,R,False,,0.9490000000000001,0.002,0.024,0.01,43.7,43964,55.6,0.037000000000000005,2.36,2126.15,0.45,70.6
ohio,6,Challenger,D,True,16018270.0,0.9490000000000001,0.002,0.024,0.01,43.7,43964,55.6,0.037000000000000005,2.36,2126.15,0.45,29.4
ohio,7,Incumbent,R,False,,0.9259999999999999,0.002,0.039,0.021,40.6,51132,63.7,0.034,2.36,2126.15,0.45,64.1
ohio,7,Challenger,D,True,16018270.0,0.9259999999999999,0.002,0.039,0.021,40.6,51132,63.7,0.034,2.36,2126.15,0.45,28.9
ohio,8,Incumbent,R,False,,0.885,0.002,0.057,0.034,38.8,54069,63.3,0.036000000000000004,2.36,2126.15,0.45,69.0
ohio,8,Challenger,D,True,16018270.0,0.885,0.002,0.057,0.034,38.8,54069,63.3,0.036000000000000004,2.36,2126.15,0.45,26.8
ohio,9,Incumbent,D,True,16018270.0,0.738,0.003,0.17300000000000001,0.106,38.3,41379,63.3,0.055999999999999994,2.36,2126.15,0.45,68.5
ohio,9,Challenger,R,False,,0.738,0.003,0.17300000000000001,0.106,38.3,41379,63.3,0.055999999999999994,2.36,2126.15,0.45,31.5
ohio,10,Incumbent,R,False,,0.772,0.002,0.16399999999999998,0.027000000000000003,39.0,49490,62.1,0.045,2.36,2126.15,0.45,64.4
ohio,10,Challenger,D,True,16018270.0,0.772,0.002,0.16399999999999998,0.027000000000000003,39.0,49490,62.1,0.045,2.36,2126.15,0.45,32.4
ohio,11,Incumbent,D,True,16018270.0,0.401,0.004,0.527,0.045,38.2,35624,60.1,0.07400000000000001,2.36,2126.15,0.45,80.1
ohio,11,Challenger,R,False,,0.401,0.004,0.527,0.045,38.2,35624,60.1,0.07400000000000001,2.36,2126.15,0.45,19.9
ohio,12,Incumbent,R,False,,0.879,0.004,0.047,0.021,37.8,69056,66.9,0.032,2.36,2126.15,0.45,66.6
ohio,12,Challenger,D,True,16018270.0,0.879,0.004,0.047,0.021,37.8,69056,66.9,0.032,2.36,2126.15,0.45,29.9
ohio,13,Incumbent,D,True,16018270.0,0.835,0.003,0.11599999999999999,0.033,40.5,42019,60.6,0.044000000000000004,2.36,2126.15,0.45,67.6
ohio,13,Challenger,R,False,,0.835,0.003,0.11599999999999999,0.033,40.5,42019,60.6,0.044000000000000004,2.36,2126.15,0.45,32.4
ohio,14,Incumbent,R,False,,0.9129999999999999,0.004,0.044000000000000004,0.026000000000000002,44.3,64775,64.3,0.028999999999999998,2.36,2126.15,0.45,62.7
ohio,14,Challenger,D,True,16018270.0,0.9129999999999999,0.004,0.044000000000000004,0.026000000000000002,44.3,64775,64.3,0.028999999999999998,2.36,2126.15,0.45,37.3
ohio,15,Incumbent,R,False,,0.902,0.004,0.040999999999999995,0.02,37.9,60009,61.9,0.032,2.36,2126.15,0.45,66.2
ohio,15,Challenger,D,True,16018270.0,0.902,0.004,0.040999999999999995,0.02,37.9,60009,61.9,0.032,2.36,2126.15,0.45,33.8
ohio,16,Incumbent,R,False,,0.9329999999999999,0.003,0.022000000000000002,0.021,43.6,61330,65.2,0.027000000000000003,2.36,2126.15,0.45,65.4
ohio,16,Challenger,D,True,16018270.0,0.9329999999999999,0.003,0.022000000000000002,0.021,43.6,61330,65.2,0.027000000000000003,2.36,2126.15,0.45,34.6
oklahoma,2,Incumbent,R,False,1519167.0,0.6659999999999999,0.001,0.036000000000000004,0.051,39.8,41197,52.9,0.035,2.36,2126.15,0.35,70.6
oklahoma,2,Challenger,D,True,,0.6659999999999999,0.001,0.036000000000000004,0.051,39.8,41197,52.9,0.035,2.36,2126.15,0.35,23.2
oklahoma,3,Incumbent,R,False,1519167.0,0.794,0.002,0.038,0.098,36.4,48571,58.9,0.03,2.36,2126.15,0.35,78.3
oklahoma,3,Challenger,D,True,,0.794,0.002,0.038,0.098,36.4,48571,58.9,0.03,2.36,2126.15,0.35,21.7
oklahoma,4,Incumbent,R,False,1519167.0,0.762,0.002,0.065,0.084,35.5,51990,63.6,0.032,2.36,2126.15,0.35,69.6
oklahoma,4,Challenger,D,True,,0.762,0.002,0.065,0.084,35.5,51990,63.6,0.032,2.36,2126.15,0.35,26.1
oklahoma,5,Incumbent,R,False,1519167.0,0.6940000000000001,0.002,0.135,0.161,34.6,48426,64.2,0.031,2.36,2126.15,0.35,57.1
oklahoma,5,Challenger,D,True,,0.6940000000000001,0.002,0.135,0.161,34.6,48426,64.2,0.031,2.36,2126.15,0.35,36.8
oregon,1,Incumbent,D,True,,0.8140000000000001,0.003,0.017,0.145,37.5,66349,65.8,0.038,2.36,2126.15,0.53,59.6
oregon,1,Challenger,R,False,27093223.0,0.8140000000000001,0.003,0.017,0.145,37.5,66349,65.8,0.038,2.36,2126.15,0.53,37.3
oregon,2,Incumbent,R,False,27093223.0,0.9,0.001,0.006999999999999999,0.135,42.1,46793,57.3,0.044000000000000004,2.36,2126.15,0.53,72.1
oregon,2,Challenger,D,True,,0.9,0.001,0.006999999999999999,0.135,42.1,46793,57.3,0.044000000000000004,2.36,2126.15,0.53,27.9
oregon,3,Incumbent,D,True,,0.795,0.005,0.051,0.11199999999999999,37.3,58809,68.0,0.045,2.36,2126.15,0.53,72.6
oregon,4,Incumbent,D,True,,0.889,0.002,0.01,0.077,41.1,44747,55.7,0.045,2.36,2126.15,0.53,55.5
oregon,4,Challenger,R,False,27093223.0,0.889,0.002,0.01,0.077,41.1,44747,55.7,0.045,2.36,2126.15,0.53,39.8
oregon,5,Incumbent,D,True,,0.866,0.003,0.01,0.16399999999999998,38.9,58466,62.1,0.039,2.36,2126.15,0.53,53.6
oregon,5,Challenger,R,False,27093223.0,0.866,0.003,0.01,0.16399999999999998,38.9,58466,62.1,0.039,2.36,2126.15,0.53,43.2
pennsylvania,1,Incumbent,D,True,659997.0,0.484,0.009000000000000001,0.349,0.172,33.8,45968,64.1,0.066,2.36,2126.15,0.49,82.2
pennsylvania,1,Challenger,R,False,,0.484,0.009000000000000001,0.349,0.172,33.8,45968,64.1,0.066,2.36,2126.15,0.49,17.8
pennsylvania,2,Challenger,D,True,659997.0,0.32,0.006,0.5760000000000001,0.062,34.3,40244,57.2,0.059000000000000004,2.36,2126.15,0.49,90.2
pennsylvania,2,Challenger,R,False,,0.32,0.006,0.5760000000000001,0.062,34.3,40244,57.2,0.059000000000000004,2.36,2126.15,0.49,9.8
pennsylvania,4,Incumbent,R,False,,0.853,0.003,0.078,0.07200000000000001,41.0,58510,65.4,0.033,2.36,2126.15,0.49,66.1
pennsylvania,4,Challenger,D,True,659997.0,0.853,0.003,0.078,0.07200000000000001,41.0,58510,65.4,0.033,2.36,2126.15,0.49,33.9
pennsylvania,5,Incumbent,R,False,,0.9329999999999999,0.001,0.027000000000000003,0.019,40.7,48610,56.8,0.034,2.36,2126.15,0.49,67.3
pennsylvania,5,Challenger,D,True,659997.0,0.9329999999999999,0.001,0.027000000000000003,0.019,40.7,48610,56.8,0.034,2.36,2126.15,0.49,32.7
pennsylvania,6,Incumbent,R,False,,0.861,0.005,0.045,0.06,41.7,80129,67.6,0.031,2.36,2126.15,0.49,57.3
pennsylvania,6,Challenger,D,True,659997.0,0.861,0.005,0.045,0.06,41.7,80129,67.6,0.031,2.36,2126.15,0.49,42.7
pennsylvania,7,Incumbent,R,False,,0.865,0.006,0.053,0.039,42.8,84406,65.5,0.031,2.36,2126.15,0.49,59.7
pennsylvania,7,Challenger,D,True,659997.0,0.865,0.006,0.053,0.039,42.8,84406,65.5,0.031,2.36,2126.15,0.49,40.3
pennsylvania,8,Challenger,R,False,,0.88,0.003,0.039,0.05,43.7,80032,67.8,0.035,2.36,2126.15,0.49,54.5
pennsylvania,8,Challenger,D,True,659997.0,0.88,0.003,0.039,0.05,43.7,80032,67.8,0.035,2.36,2126.15,0.49,45.5
pennsylvania,9,Incumbent,R,False,,0.9420000000000001,0.001,0.027999999999999997,0.022000000000000002,43.4,47413,57.5,0.038,2.36,2126.15,0.49,63.4
pennsylvania,9,Challenger,D,True,659997.0,0.9420000000000001,0.001,0.027999999999999997,0.022000000000000002,43.4,47413,57.5,0.038,2.36,2126.15,0.49,36.6
pennsylvania,10,Incumbent,R,False,,0.9279999999999999,0.002,0.037000000000000005,0.04,43.7,53520,59.0,0.031,2.36,2126.15,0.49,70.3
pennsylvania,10,Challenger,D,True,659997.0,0.9279999999999999,0.002,0.037000000000000005,0.04,43.7,53520,59.0,0.031,2.36,2126.15,0.49,29.7
pennsylvania,11,Incumbent,R,False,,0.887,0.002,0.055,0.062,42.3,52367,61.1,0.032,2.36,2126.15,0.49,63.7
pennsylvania,11,Challenger,D,True,659997.0,0.887,0.002,0.055,0.062,42.3,52367,61.1,0.032,2.36,2126.15,0.49,36.3
pennsylvania,12,Incumbent,R,False,,0.9309999999999999,0.004,0.032,0.017,45.1,57186,61.6,0.032,2.36,2126.15,0.49,61.9
pennsylvania,12,Challenger,D,True,659997.0,0.9309999999999999,0.004,0.032,0.017,45.1,57186,61.6,0.032,2.36,2126.15,0.49,38.1
pennsylvania,14,Incumbent,D,True,659997.0,0.7120000000000001,0.004,0.21100000000000002,0.022000000000000002,38.6,43763,62.5,0.042,2.36,2126.15,0.49,74.3
pennsylvania,14,Challenger,R,False,,0.7120000000000001,0.004,0.21100000000000002,0.022000000000000002,38.6,43763,62.5,0.042,2.36,2126.15,0.49,25.7
pennsylvania,15,Incumbent,R,False,,0.8440000000000001,0.003,0.047,0.157,40.3,58867,65.2,0.034,2.36,2126.15,0.49,58.4
pennsylvania,15,Challenger,D,True,659997.0,0.8440000000000001,0.003,0.047,0.157,40.3,58867,65.2,0.034,2.36,2126.15,0.49,38.0
pennsylvania,16,Challenger,R,False,,0.83,0.002,0.067,0.183,37.0,55802,66.7,0.044000000000000004,2.36,2126.15,0.49,53.9
pennsylvania,16,Challenger,D,True,659997.0,0.83,0.002,0.067,0.183,37.0,55802,66.7,0.044000000000000004,2.36,2126.15,0.49,42.7
pennsylvania,17,Incumbent,D,True,659997.0,0.8740000000000001,0.003,0.062,0.085,43.0,50329,59.6,0.045,2.36,2126.15,0.49,53.8
pennsylvania,17,Challenger,R,False,,0.8740000000000001,0.003,0.062,0.085,43.0,50329,59.6,0.045,2.36,2126.15,0.49,46.2
rhode island,1,Incumbent,D,True,,0,0,0,0,0,0,0,0,2.36,2126.15,0.55,64.7
rhode island,1,Challenger,R,False,10111268.0,0,0,0,0,0,0,0,0,2.36,2126.15,0.55,35.3
rhode island,2,Incumbent,D,True,,0,0,0,0,0,0,0,0,2.36,2126.15,0.55,58.2
rhode island,2,Challenger,R,False,10111268.0,0,0,0,0,0,0,0,0,2.36,2126.15,0.55,30.8
south carolina,1,Incumbent,R,False,114697081.0,0,0,0,0,0,0,0,0,2.36,2126.15,0.44,58.6
south carolina,1,Challenger,D,True,70680800.0,0,0,0,0,0,0,0,0,2.36,2126.15,0.44,36.9
south carolina,2,Incumbent,R,False,114697081.0,0,0,0,0,0,0,0,0,2.36,2126.15,0.44,60.3
south carolina,2,Challenger,D,True,70680800.0,0,0,0,0,0,0,0,0,2.36,2126.15,0.44,35.9
south carolina,3,Incumbent,R,False,114697081.0,0,0,0,0,0,0,0,0,2.36,2126.15,0.44,72.9
south carolina,3,Challenger,D,True,70680800.0,0,0,0,0,0,0,0,0,2.36,2126.15,0.44,27.1
south carolina,4,Incumbent,R,False,114697081.0,0,0,0,0,0,0,0,0,2.36,2126.15,0.44,67.2
south carolina,4,Challenger,D,True,70680800.0,0,0,0,0,0,0,0,0,2.36,2126.15,0.44,31.1
south carolina,5,Incumbent,R,False,114697081.0,0,0,0,0,0,0,0,0,2.36,2126.15,0.44,59.1
south carolina,5,Challenger,D,True,70680800.0,0,0,0,0,0,0,0,0,2.36,2126.15,0.44,38.8
south carolina,6,Incumbent,D,True,70680800.0,0,0,0,0,0,0,0,0,2.36,2126.15,0.44,70.2
south carolina,6,Challenger,R,False,114697081.0,0,0,0,0,0,0,0,0,2.36,2126.15,0.44,27.6
south carolina,7,Incumbent,R,False,114697081.0,0,0,0,0,0,0,0,0,2.36,2126.15,0.44,60.7
south carolina,7,Challenger,D,True,70680800.0,0,0,0,0,0,0,0,0,2.36,2126.15,0.44,39.3
south dakota,0,Incumbent,R,False,232504866.0,0,0,0,0,0,0,0,0,2.36,2126.15,0.4,64.1
south dakota,0,Challenger,D,True,40273972.0,0,0,0,0,0,0,0,0,2.36,2126.15,0.4,35.9
tennessee,1,Incumbent,R,False,,0.9359999999999999,0.002,0.026000000000000002,0.035,43.2,39081,55.4,0.035,2.36,2126.15,0.41,78.4
tennessee,1,Challenger,D,True,,0.9359999999999999,0.002,0.026000000000000002,0.035,43.2,39081,55.4,0.035,2.36,2126.15,0.41,15.4
tennessee,2,Incumbent,R,False,,0.8909999999999999,0.002,0.06,0.039,39.9,49841,61.2,0.033,2.36,2126.15,0.41,75.6
tennessee,2,Challenger,D,True,,0.8909999999999999,0.002,0.06,0.039,39.9,49841,61.2,0.033,2.36,2126.15,0.41,24.4
tennessee,3,Incumbent,R,False,,0.851,0.001,0.107,0.038,41.7,43526,56.7,0.040999999999999995,2.36,2126.15,0.41,66.4
tennessee,3,Challenger,D,True,,0.851,0.001,0.107,0.038,41.7,43526,56.7,0.040999999999999995,2.36,2126.15,0.41,28.8
tennessee,4,Incumbent,R,False,,0.8490000000000001,0.002,0.08800000000000001,0.06,37.7,49312,62.1,0.037000000000000005,2.36,2126.15,0.41,65.0
tennessee,4,Challenger,D,True,,0.8490000000000001,0.002,0.08800000000000001,0.06,37.7,49312,62.1,0.037000000000000005,2.36,2126.15,0.41,35.0
tennessee,5,Incumbent,D,True,,0.67,0.003,0.244,0.092,34.9,51554,69.0,0.034,2.36,2126.15,0.41,62.5
tennessee,5,Challenger,R,False,,0.67,0.003,0.244,0.092,34.9,51554,69.0,0.034,2.36,2126.15,0.41,37.5
tennessee,6,Incumbent,R,False,,0.912,0.001,0.043,0.040999999999999995,40.9,47227,59.3,0.031,2.36,2126.15,0.41,71.1
tennessee,6,Challenger,D,True,,0.912,0.001,0.043,0.040999999999999995,40.9,47227,59.3,0.031,2.36,2126.15,0.41,21.8
tennessee,7,Incumbent,R,False,,0.845,0.002,0.105,0.049,37.4,53238,60.5,0.037000000000000005,2.36,2126.15,0.41,72.2
tennessee,7,Challenger,D,True,,0.845,0.002,0.105,0.049,37.4,53238,60.5,0.037000000000000005,2.36,2126.15,0.41,23.5
tennessee,8,Challenger,R,False,,0.745,0.004,0.205,0.027000000000000003,40.2,55100,59.6,0.028999999999999998,2.36,2126.15,0.41,68.8
tennessee,8,Challenger,D,True,,0.745,0.004,0.205,0.027000000000000003,40.2,55100,59.6,0.028999999999999998,2.36,2126.15,0.41,25.1
tennessee,9,Incumbent,D,True,,0.27899999999999997,0.003,0.652,0.07200000000000001,33.9,37388,64.8,0.064,2.36,2126.15,0.41,78.8
tennessee,9,Challenger,R,False,,0.27899999999999997,0.003,0.652,0.07200000000000001,33.9,37388,64.8,0.064,2.36,2126.15,0.41,18.8
texas,1,Incumbent,R,False,3244900.0,0.7759999999999999,0.001,0.18,0.171,37.3,46537,57.3,0.038,2.36,2126.15,0.49,73.9
texas,1,Challenger,D,True,1491000.0,0.7759999999999999,0.001,0.18,0.171,37.3,46537,57.3,0.038,2.36,2126.15,0.49,24.1
texas,2,Incumbent,R,False,3244900.0,0.672,0.012,0.11699999999999999,0.301,35.6,74246,69.8,0.031,2.36,2126.15,0.49,60.6
texas,2,Challenger,D,True,1491000.0,0.672,0.012,0.11699999999999999,0.301,35.6,74246,69.8,0.031,2.36,2126.15,0.49,36.0
texas,3,Incumbent,R,False,3244900.0,0.703,0.004,0.08800000000000001,0.152,36.7,86565,70.6,0.026000000000000002,2.36,2126.15,0.49,61.3
texas,3,Challenger,D,True,1491000.0,0.703,0.004,0.08800000000000001,0.152,36.7,86565,70.6,0.026000000000000002,2.36,2126.15,0.49,34.5
texas,4,Incumbent,R,False,3244900.0,0.8029999999999999,0.001,0.106,0.135,39.1,47850,58.5,0.037000000000000005,2.36,2126.15,0.49,88.0
texas,5,Incumbent,R,False,3244900.0,0.747,0.005,0.155,0.27699999999999997,36.0,46900,60.7,0.035,2.36,2126.15,0.49,80.6
texas,6,Incumbent,R,False,3244900.0,0.6559999999999999,0.008,0.207,0.222,34.9,62290,68.1,0.033,2.36,2126.15,0.49,58.3
texas,6,Challenger,D,True,1491000.0,0.6559999999999999,0.008,0.207,0.222,34.9,62290,68.1,0.033,2.36,2126.15,0.49,39.0
texas,7,Incumbent,R,False,3244900.0,0.695,0.009000000000000001,0.122,0.311,34.7,71337,70.1,0.033,2.36,2126.15,0.49,56.2
texas,7,Challenger,D,True,1491000.0,0.695,0.009000000000000001,0.122,0.311,34.7,71337,70.1,0.033,2.36,2126.15,0.49,43.8
texas,9,Incumbent,D,True,1491000.0,0.363,0.012,0.38,0.38299999999999995,32.4,43572,69.4,0.047,2.36,2126.15,0.49,80.6
texas,9,Challenger,R,False,3244900.0,0.363,0.012,0.38,0.38299999999999995,32.4,43572,69.4,0.047,2.36,2126.15,0.49,19.4
texas,10,Incumbent,R,False,3244900.0,0.737,0.008,0.11199999999999999,0.289,35.8,70494,68.8,0.031,2.36,2126.15,0.49,57.4
texas,10,Challenger,D,True,1491000.0,0.737,0.008,0.11199999999999999,0.289,35.8,70494,68.8,0.031,2.36,2126.15,0.49,38.4
texas,11,Incumbent,R,False,3244900.0,0.8859999999999999,0.001,0.037000000000000005,0.38299999999999995,35.3,56334,61.4,0.026000000000000002,2.36,2126.15,0.49,89.5
texas,12,Incumbent,R,False,3244900.0,0.805,0.006999999999999999,0.084,0.21899999999999997,35.8,62274,66.4,0.042,2.36,2126.15,0.49,69.4
texas,12,Challenger,D,True,1491000.0,0.805,0.006999999999999999,0.084,0.21899999999999997,35.8,62274,66.4,0.042,2.36,2126.15,0.49,26.8
texas,13,Incumbent,R,False,3244900.0,0.86,0.002,0.053,0.265,36.2,49281,61.1,0.027999999999999997,2.36,2126.15,0.49,90.0
texas,14,Incumbent,R,False,3244900.0,0.715,0.006,0.198,0.243,37.1,57520,60.3,0.042,2.36,2126.15,0.49,61.9
texas,14,Challenger,D,True,1491000.0,0.715,0.006,0.198,0.243,37.1,57520,60.3,0.042,2.36,2126.15,0.49,38.1
texas,15,Challenger,D,True,1491000.0,0.8290000000000001,0.003,0.021,0.8059999999999999,30.7,41993,58.9,0.045,2.36,2126.15,0.49,57.3
texas,15,Challenger,R,False,3244900.0,0.8290000000000001,0.003,0.021,0.8059999999999999,30.7,41993,58.9,0.045,2.36,2126.15,0.49,37.7
texas,16,Incumbent,D,True,1491000.0,0.84,0.001,0.042,0.795,32.3,45316,62.2,0.037000000000000005,2.36,2126.15,0.49,85.8
texas,17,Incumbent,R,False,3244900.0,0.753,0.005,0.133,0.248,32.5,51024,62.9,0.027999999999999997,2.36,2126.15,0.49,60.8
texas,17,Challenger,D,True,1491000.0,0.753,0.005,0.133,0.248,32.5,51024,62.9,0.027999999999999997,2.36,2126.15,0.49,35.2
texas,18,Incumbent,D,True,1491000.0,0.499,0.006999999999999999,0.364,0.42700000000000005,32.3,43100,64.9,0.046,2.36,2126.15,0.49,73.5
texas,18,Challenger,R,False,3244900.0,0.499,0.006999999999999999,0.364,0.42700000000000005,32.3,43100,64.9,0.046,2.36,2126.15,0.49,23.6
texas,19,Challenger,R,False,3244900.0,0.828,0.001,0.06,0.365,32.7,47305,60.8,0.027000000000000003,2.36,2126.15,0.49,86.7
texas,20,Incumbent,D,True,1491000.0,0.826,0.005,0.06,0.6779999999999999,31.6,49404,64.3,0.039,2.36,2126.15,0.49,79.7
texas,21,Incumbent,R,False,3244900.0,0.856,0.005,0.040999999999999995,0.285,38.1,65254,64.4,0.027999999999999997,2.36,2126.15,0.49,57.0
texas,21,Challenger,D,True,1491000.0,0.856,0.005,0.040999999999999995,0.285,38.1,65254,64.4,0.027999999999999997,2.36,2126.15,0.49,36.4
texas,22,Incumbent,R,False,3244900.0,0.605,0.008,0.139,0.25,35.3,95048,67.6,0.025,2.36,2126.15,0.49,59.5
texas,22,Challenger,D,True,1491000.0,0.605,0.008,0.139,0.25,35.3,95048,67.6,0.025,2.36,2126.15,0.49,40.5
texas,23,Incumbent,R,False,3244900.0,0.847,0.003,0.032,0.6970000000000001,33.1,53917,58.9,0.040999999999999995,2.36,2126.15,0.49,48.5
texas,23,Challenger,D,True,1491000.0,0.847,0.003,0.032,0.6970000000000001,33.1,53917,58.9,0.040999999999999995,2.36,2126.15,0.49,46.8
texas,24,Incumbent,R,False,3244900.0,0.659,0.009000000000000001,0.10400000000000001,0.24600000000000002,35.6,68161,73.5,0.025,2.36,2126.15,0.49,56.2
texas,24,Challenger,D,True,1491000.0,0.659,0.009000000000000001,0.10400000000000001,0.24600000000000002,35.6,68161,73.5,0.025,2.36,2126.15,0.49,39.3
texas,25,Incumbent,R,False,3244900.0,0.841,0.004,0.071,0.17600000000000002,36.9,65706,62.8,0.027000000000000003,2.36,2126.15,0.49,58.4
texas,25,Challenger,D,True,1491000.0,0.841,0.004,0.071,0.17600000000000002,36.9,65706,62.8,0.027000000000000003,2.36,2126.15,0.49,37.7
texas,26,Incumbent,R,False,3244900.0,0.785,0.005,0.08199999999999999,0.177,34.5,79738,72.6,0.033,2.36,2126.15,0.49,66.3
texas,26,Challenger,D,True,1491000.0,0.785,0.005,0.08199999999999999,0.177,34.5,79738,72.6,0.033,2.36,2126.15,0.49,29.6
texas,27,Incumbent,R,False,3244900.0,0.85,0.002,0.05,0.525,35.9,50764,61.9,0.04,2.36,2126.15,0.49,61.7
texas,27,Challenger,D,True,1491000.0,0.85,0.002,0.05,0.525,35.9,50764,61.9,0.04,2.36,2126.15,0.49,38.3
texas,28,Incumbent,D,True,1491000.0,0.892,0.004,0.039,0.782,31.9,45054,60.3,0.05,2.36,2126.15,0.49,66.2
texas,28,Challenger,R,False,3244900.0,0.892,0.004,0.039,0.782,31.9,45054,60.3,0.05,2.36,2126.15,0.49,31.3
texas,29,Incumbent,D,True,1491000.0,0.773,0.006,0.11,0.773,29.5,40871,65.0,0.039,2.36,2126.15,0.49,72.5
texas,29,Challenger,R,False,3244900.0,0.773,0.006,0.11,0.773,29.5,40871,65.0,0.039,2.36,2126.15,0.49,24.0
texas,30,Incumbent,D,True,1491000.0,0.485,0.004,0.436,0.391,32.8,42439,63.7,0.040999999999999995,2.36,2126.15,0.49,77.9
texas,30,Challenger,R,False,3244900.0,0.485,0.004,0.436,0.391,32.8,42439,63.7,0.040999999999999995,2.36,2126.15,0.49,19.0
texas,31,Incumbent,R,False,3244900.0,0.7609999999999999,0.003,0.114,0.243,34.2,65377,67.9,0.038,2.36,2126.15,0.49,58.4
texas,31,Challenger,D,True,1491000.0,0.7609999999999999,0.003,0.114,0.243,34.2,65377,67.9,0.038,2.36,2126.15,0.49,36.5
texas,32,Incumbent,R,False,3244900.0,0.691,0.006999999999999999,0.138,0.26,35.4,66375,70.5,0.028999999999999998,2.36,2126.15,0.49,71.1
texas,33,Incumbent,D,True,1491000.0,0.68,0.005,0.16399999999999998,0.67,30.0,39246,65.2,0.04,2.36,2126.15,0.49,73.7
texas,33,Challenger,R,False,3244900.0,0.68,0.005,0.16399999999999998,0.67,30.0,39246,65.2,0.04,2.36,2126.15,0.49,26.3
texas,34,Incumbent,D,True,1491000.0,0.9229999999999999,0.002,0.013999999999999999,0.83,32.2,35642,53.7,0.044000000000000004,2.36,2126.15,0.49,62.7
texas,34,Challenger,R,False,3244900.0,0.9229999999999999,0.002,0.013999999999999999,0.83,32.2,35642,53.7,0.044000000000000004,2.36,2126.15,0.49,37.3
texas,35,Incumbent,D,True,1491000.0,0.762,0.004,0.08800000000000001,0.631,31.4,43831,66.2,0.036000000000000004,2.36,2126.15,0.49,63.1
texas,35,Challenger,R,False,3244900.0,0.762,0.004,0.08800000000000001,0.631,31.4,43831,66.2,0.036000000000000004,2.36,2126.15,0.49,31.6
texas,36,Incumbent,R,False,3244900.0,0.8220000000000001,0.004,0.096,0.235,36.9,56885,60.2,0.045,2.36,2126.15,0.49,88.7
utah,1,Incumbent,R,False,3139244.0,0.8959999999999999,0.002,0.01,0.129,30.3,63334,68.0,0.03,2.36,2126.15,0.39,65.4
utah,1,Challenger,D,True,4526252.0,0.8959999999999999,0.002,0.01,0.129,30.3,63334,68.0,0.03,2.36,2126.15,0.39,27.2
utah,2,Incumbent,R,False,3139244.0,0.8370000000000001,0.004,0.012,0.153,32.7,55339,64.3,0.026000000000000002,2.36,2126.15,0.39,61.5
utah,2,Challenger,D,True,4526252.0,0.8370000000000001,0.004,0.012,0.153,32.7,55339,64.3,0.026000000000000002,2.36,2126.15,0.39,34.1
utah,3,Incumbent,R,False,3139244.0,0.905,0.003,0.006,0.102,27.5,66007,67.5,0.026000000000000002,2.36,2126.15,0.39,73.3
utah,3,Challenger,D,True,4526252.0,0.905,0.003,0.006,0.102,27.5,66007,67.5,0.026000000000000002,2.36,2126.15,0.39,26.7
utah,4,Incumbent,R,False,3139244.0,0.8490000000000001,0.004,0.018000000000000002,0.161,31.2,67632,71.0,0.025,2.36,2126.15,0.39,53.5
utah,4,Challenger,D,True,4526252.0,0.8490000000000001,0.004,0.018000000000000002,0.161,31.2,67632,71.0,0.025,2.36,2126.15,0.39,41.7
vermont,0,Incumbent,D,True,100895510.0,0.9470000000000001,0.001,0.013000000000000001,0.017,43.1,56990,65.4,0.025,2.36,2126.15,0.6,90.0
virginia,1,Incumbent,R,False,,0.945,0.002,0.024,0.013000000000000001,41.4,44180,54.4,0.035,2.36,2126.15,0.51,60.9
virginia,1,Challenger,D,True,4786475.0,0.945,0.002,0.024,0.013000000000000001,41.4,44180,54.4,0.035,2.36,2126.15,0.51,35.8
virginia,2,Challenger,R,False,,0.919,0.001,0.049,0.02,42.3,47045,57.6,0.04,2.36,2126.15,0.51,61.7
virginia,2,Challenger,D,True,4786475.0,0.919,0.001,0.049,0.02,42.3,47045,57.6,0.04,2.36,2126.15,0.51,38.3
virginia,3,Incumbent,D,True,4786475.0,0.9390000000000001,0.001,0.042,0.01,42.8,35913,46.3,0.040999999999999995,2.36,2126.15,0.51,66.9
virginia,3,Challenger,R,False,,0.9390000000000001,0.001,0.042,0.01,42.8,35913,46.3,0.040999999999999995,2.36,2126.15,0.51,33.1
virginia,4,Challenger,D,True,4786475.0,0.615,0.002,0.314,0.054000000000000006,38.5,62796,63.3,0.037000000000000005,2.36,2126.15,0.51,57.3
virginia,4,Challenger,R,False,,0.615,0.002,0.314,0.054000000000000006,38.5,62796,63.3,0.037000000000000005,2.36,2126.15,0.51,42.7
virginia,5,Challenger,R,False,,0.7559999999999999,0.002,0.196,0.034,42.6,50612,59.2,0.032,2.36,2126.15,0.51,58.3
virginia,5,Challenger,D,True,4786475.0,0.7559999999999999,0.002,0.196,0.034,42.6,50612,59.2,0.032,2.36,2126.15,0.51,41.7
virginia,6,Incumbent,R,False,,0.835,0.002,0.109,0.052000000000000005,39.9,49220,59.4,0.031,2.36,2126.15,0.51,66.7
virginia,6,Challenger,D,True,4786475.0,0.835,0.002,0.109,0.052000000000000005,39.9,49220,59.4,0.031,2.36,2126.15,0.51,33.3
virginia,7,Incumbent,R,False,,0.75,0.003,0.153,0.064,39.9,74889,68.4,0.034,2.36,2126.15,0.51,57.9
virginia,7,Challenger,D,True,4786475.0,0.75,0.003,0.153,0.064,39.9,74889,68.4,0.034,2.36,2126.15,0.51,42.1
virginia,8,Incumbent,D,True,4786475.0,0.635,0.009000000000000001,0.134,0.2,35.5,100644,77.1,0.035,2.36,2126.15,0.51,68.6
virginia,8,Challenger,R,False,,0.635,0.009000000000000001,0.134,0.2,35.5,100644,77.1,0.035,2.36,2126.15,0.51,27.4
virginia,9,Incumbent,R,False,,0.9079999999999999,0.002,0.055999999999999994,0.023,42.0,42174,53.4,0.034,2.36,2126.15,0.51,68.7
virginia,9,Challenger,D,True,4786475.0,0.9079999999999999,0.002,0.055999999999999994,0.023,42.0,42174,53.4,0.034,2.36,2126.15,0.51,28.4
virginia,10,Incumbent,R,False,,0.708,0.006999999999999999,0.069,0.131,37.9,114793,71.5,0.025,2.36,2126.15,0.51,52.9
virginia,10,Challenger,D,True,4786475.0,0.708,0.006999999999999999,0.069,0.131,37.9,114793,71.5,0.025,2.36,2126.15,0.51,47.1
washington,1,Incumbent,D,True,,0.794,0.008,0.012,0.092,39.3,86349,65.9,0.027999999999999997,2.36,2126.15,0.56,55.5
washington,1,Challenger,R,False,,0.794,0.008,0.012,0.092,39.3,86349,65.9,0.027999999999999997,2.36,2126.15,0.56,44.5
washington,2,Incumbent,D,True,,0.7829999999999999,0.006,0.027999999999999997,0.105,37.4,65000,64.6,0.038,2.36,2126.15,0.56,64.0
washington,2,Challenger,R,False,,0.7829999999999999,0.006,0.027999999999999997,0.105,37.4,65000,64.6,0.038,2.36,2126.15,0.56,36.0
washington,3,Incumbent,R,False,,0.87,0.002,0.015,0.094,39.9,57331,59.8,0.035,2.36,2126.15,0.56,61.4
washington,3,Challenger,D,True,,0.87,0.002,0.015,0.094,39.9,57331,59.8,0.035,2.36,2126.15,0.56,38.6
washington,4,Incumbent,R,False,,0.789,0.002,0.009000000000000001,0.384,33.8,52351,62.4,0.039,2.36,2126.15,0.56,57.4
washington,4,Challenger,R,False,,0.789,0.002,0.009000000000000001,0.384,33.8,52351,62.4,0.039,2.36,2126.15,0.56,42.6
washington,5,Incumbent,R,False,,0.882,0.002,0.015,0.063,37.6,47053,57.3,0.043,2.36,2126.15,0.56,59.5
washington,5,Challenger,D,True,,0.882,0.002,0.015,0.063,37.6,47053,57.3,0.043,2.36,2126.15,0.56,40.5
washington,6,Incumbent,D,True,,0.8220000000000001,0.004,0.032,0.07200000000000001,42.5,58410,57.0,0.04,2.36,2126.15,0.56,61.7
washington,6,Challenger,R,False,,0.8220000000000001,0.004,0.032,0.07200000000000001,42.5,58410,57.0,0.04,2.36,2126.15,0.56,38.3
washington,7,Challenger,D,True,,0.735,0.008,0.048,0.07200000000000001,37.1,80119,71.9,0.035,2.36,2126.15,0.56,56.1
washington,7,Challenger,D,True,,0.735,0.008,0.048,0.07200000000000001,37.1,80119,71.9,0.035,2.36,2126.15,0.56,43.9
washington,8,Incumbent,R,False,,0.7759999999999999,0.009000000000000001,0.03,0.111,37.4,77320,65.7,0.034,2.36,2126.15,0.56,60.0
washington,8,Challenger,D,True,,0.7759999999999999,0.009000000000000001,0.03,0.111,37.4,77320,65.7,0.034,2.36,2126.15,0.56,40.0
washington,9,Incumbent,D,True,,0.524,0.011000000000000001,0.11,0.127,36.5,71947,68.0,0.039,2.36,2126.15,0.56,73.0
washington,9,Challenger,R,False,,0.524,0.011000000000000001,0.11,0.127,36.5,71947,68.0,0.039,2.36,2126.15,0.56,27.0
washington,10,Incumbent,D,True,,0.727,0.005,0.064,0.11800000000000001,35.7,56564,63.2,0.045,2.36,2126.15,0.56,58.7
washington,10,Challenger,R,False,,0.727,0.005,0.064,0.11800000000000001,35.7,56564,63.2,0.045,2.36,2126.15,0.56,41.3
west virginia,1,Incumbent,R,False,3910650.0,0,0,0,0,0,0,0,0,2.36,2126.15,0.29,69.0
west virginia,1,Challenger,D,True,,0,0,0,0,0,0,0,0,2.36,2126.15,0.29,31.0
west virginia,2,Incumbent,R,False,3910650.0,0,0,0,0,0,0,0,0,2.36,2126.15,0.29,58.2
west virginia,2,Challenger,D,True,,0,0,0,0,0,0,0,0,2.36,2126.15,0.29,41.8
west virginia,3,Incumbent,R,False,3910650.0,0,0,0,0,0,0,0,0,2.36,2126.15,0.29,67.9
west virginia,3,Challenger,D,True,,0,0,0,0,0,0,0,0,2.36,2126.15,0.29,24.0
wisconsin,1,Incumbent,R,False,2832299.0,0.875,0.004,0.055999999999999994,0.098,41.2,62206,66.8,0.032,2.36,2126.15,0.51,65.0
wisconsin,1,Challenger,D,True,40931.0,0.875,0.004,0.055999999999999994,0.098,41.2,62206,66.8,0.032,2.36,2126.15,0.51,30.2
wisconsin,2,Incumbent,D,True,40931.0,0.866,0.002,0.044000000000000004,0.061,36.3,61224,71.4,0.031,2.36,2126.15,0.51,68.7
wisconsin,2,Challenger,R,False,2832299.0,0.866,0.002,0.044000000000000004,0.061,36.3,61224,71.4,0.031,2.36,2126.15,0.51,31.3
wisconsin,4,Incumbent,D,True,40931.0,0.526,0.004,0.33399999999999996,0.16899999999999998,32.9,40748,65.6,0.05,2.36,2126.15,0.51,77.0
wisconsin,5,Incumbent,R,False,2832299.0,0.915,0.003,0.024,0.057999999999999996,40.8,66777,68.5,0.021,2.36,2126.15,0.51,66.8
wisconsin,5,Challenger,D,True,40931.0,0.915,0.003,0.024,0.057999999999999996,40.8,66777,68.5,0.021,2.36,2126.15,0.51,29.3
wisconsin,6,Incumbent,R,False,2832299.0,0.932,0.001,0.017,0.045,41.8,56326,65.5,0.025,2.36,2126.15,0.51,57.2
wisconsin,6,Challenger,D,True,40931.0,0.932,0.001,0.017,0.045,41.8,56326,65.5,0.025,2.36,2126.15,0.51,37.3
wisconsin,7,Incumbent,R,False,2832299.0,0.935,0.001,0.006999999999999999,0.022000000000000002,44.4,51863,63.5,0.023,2.36,2126.15,0.51,61.8
wisconsin,7,Challenger,D,True,40931.0,0.935,0.001,0.006999999999999999,0.022000000000000002,44.4,51863,63.5,0.023,2.36,2126.15,0.51,38.2
wisconsin,8,Challenger,R,False,2832299.0,0.898,0.002,0.013000000000000001,0.05,40.6,56137,67.9,0.023,2.36,2126.15,0.51,62.7
wisconsin,8,Challenger,D,True,40931.0,0.898,0.002,0.013000000000000001,0.05,40.6,56137,67.9,0.023,2.36,2126.15,0.51,37.3
wyoming,0,Challenger,R,False,695000.0,0.915,0.002,0.008,0.099,36.5,60214,67.8,0.033,2.36,2126.15,0.27,62.2
wyoming,0,Challenger,D,True,1474568.0,0.915,0.002,0.008,0.099,36.5,60214,67.8,0.033,2.36,2126.15,0.27,30.1
